content,keywords,rating,satisfaction,date,year,month,season,text_len
리뷰도 좋고 늘 인기도서에 있어서 기대하고 구매했는데 기대와는 너무 달라서 실망했어요 세계관 설정 자체는 좋으나 그 설정을 뒷받침 할 전체적인 스토리가 부실하고 뻔한 느낌입니다 별 다른 교훈도 느껴지지 않았고요 아쉽습니다,리뷰 좋다 인기 도서 기대하다 구매 기대 너무 달라 실망하다 세계관 설정 자체 좋다 설정 뒷받침 전체 스토리 부실하다 뻔하다 느낌 이다 다른 교훈 느껴지다 않다 아쉽다,3,Neutral,2020-11-21,2020,11,Fall,123
나만 재미가 없나 왜 이런책을 재밌다고 하는건지 저는 좀 이해가 안가네요 돈아까워요 읽고 싶은 책들이 너무 많은데 너무 후회가 됩니다 저는 완전 비추입니다,재미 없다 재밌다 건지다 이해 알다 아깝다 읽다 싶다 너무 많다 너무 후회 되다 완전 비추다 이다,2,Negative,2020-11-03,2020,11,Fall,86
평점이 좋고 베스트셀러에 인쇄만 290판 그래서 궁금해서 구입했는데 사실 좀 놀랐습니다 초등학생자녀가 있다면 자녀들에게 좋은 책인것같습니다 아이디어는 좋은데 사실 매 챕터가 캐릭터들의 단순 나열뿐이라 많이 아쉬웠습니다 그 캐릭터에 관한 연계성도 사실 좀 떨어진다고 생각합니다 하루만에 읽을수있습니다 쉽게 읽히고 어렵지 않은 내용이기에 단순하고 아쉽습니다 왜 베스트셀러일까 라는 생각을 해보니 누구나 쉽게 걱정없이 읽혀서 인것같네요 평점과 리뷰에 큰 기대하고 사시면 실망하실수있습니다 물론 저같은 사람도 있다고 리뷰 남기고 싶어 남깁니다 다 좋은 리뷰만 있어서 혹시나 큰 기대를 가지고 주문할까봐 남겨봅니다,평점 좋다 베스트셀러 인쇄 그래서 궁금하다 구입 사실 놀라다 초등학생 자녀 자녀 좋다 같다 아이디어 좋다 사실 채다 캐릭터 단순 나열 많이 아쉽다 캐릭터 사실 떨어지다 생각 하루 읽다 쉬다 읽히다 어렵다 않다 내용 이기 단순하다 아쉽다 베스트셀러 이다 생각 해보다 누구 쉬다 걱정 없이 읽히다 이다 같다 평점 리뷰 크다 기대하다 사시 실망하다 물론 같다 사람 리뷰 남다 싶다 남기다 좋다 리뷰 혹시 크다 기대 가지 주문 남기다 보다,2,Negative,2021-01-30,2021,1,Winter,338
참 따뜻한 이야기의 책입니다 처음부터 끝까지 마음을 몽글몽글 하게 만들어요 읽는 내내 위로 받는 느낌이었습니다 추운 겨울밤에 잘 어울리는 책 이라고 생각이 드네요,차다 따뜻하다 이야기 이다 처음 마음 몽글몽글 만들다 읽다 내내 위로 받다 느끼다 추다 겨울 자다 어울리다 생각 드네,5,Positive,2020-09-19,2020,9,Fall,90
어른이 읽어도 재밌네요 밤에 자려고 눈을 감을때마다 달러구트 백화점으로 가기를 바라게 되네요,어른 읽다 재밌다 자다 달러 구트 백화점 가기 바라다 되다,5,Positive,2020-09-28,2020,9,Fall,51
소재는 기발했지만 딱 그것만인 것 같아요 문장이 허술해서 한줄 한줄 턱턱 걸리네요 스토리 전개도 모두 예상이 가능해서 신선한 소재와 동떨어진 느낌입니다,소재 기발하다 그것 만인 같다 문장 허다 턱턱 걸리다 스토리 전개도 모두 예상 가능하다 신선하다 소재 동떨어지다 느낌 이다,2,Negative,2020-11-11,2020,11,Fall,84
오랜만에 아주 마음에 드는 세계관을 만났습니다 다음 권이 꼭 나왔으면 합니다 영화나 드라마나 소재로도 아주 좋을거 같아요,아주 마음 들다 세계관 만나다 다음 나오다 영화 드라마 소재 아주 좋다 같다,5,Positive,2020-08-21,2020,8,Summer,67
어떻게 이런 생각을 할 수 있었을까 특히 악몽을 새로운 관점에서 표현한 게 인상 깊었다,어떻다 이렇다 생각 특히 악몽 새롭다 관점 표현 인상 깊다,5,Positive,2020-10-23,2020,10,Fall,48
해리포터같은 파타지를 좋아하는데 만족스럽네요 감동적인 이야기 속에 세상을 사는 지혜를 주네요 사놓고 미루다가 언택트 명절을 맞아 3시간 집중해서 읽었네요 책 많이 읽으신분들은 더 빨리 후다닥 읽을수 있을거에요 후속 이야기 나오면 좋겠어요,해리포터 같다 파타 지르다 좋아하다 만족스럽다 감동 이야기 세상 살다 지혜 주네 사다 미루다 언택트 명절 맞다 집중 읽다 많이 읽다 신분 빨리 후다닥 읽다 후속 이야기 나오다 좋다,5,Positive,2020-10-01,2020,10,Fall,132
초반부 읽는 중인데 글쓴이가 국어공부를 제대로 하지 않은 티가 납니다 어색하거나 올바르지 않은 문장이 곳곳에 눈에 띄네요 또 국내작가가 우리말로 쓴 소설인데 등장인물의 이름들이 외래어라 그런지 꼭 외국어 번역 소설을 읽는 것 같아요 처음엔 꿈을 파는 백화점이라는 소재가 신선하다고 생각했는데 읽으면서 느끼는 건 백화점에서 꿈을 사다가 꾸면 원래 꾸는 꿈은 어떻게 되지 였어요 개연성이 부족한 게 아닌가 싶네요 조금 더 마저 읽어보긴 할 겁니다,초반 읽다 쓸다 국어 공부 제대로 않다 나다 어색하다 올바르다 않다 문장 곳곳 띄다 국내 작가 우리말 쓸다 소설 등장인물 이름 외래어 그렇다 외국어 번역 소설 읽다 같다 처음 팔다 백화점 소재 신선하다 생각 읽다 느끼다 백화점 다가 꾸다 원래 꾸다 어떻다 되다 이다 개연 부족하다 아니다 싶다 조금 마저 읽다 보다 겁니다,3,Neutral,2021-03-30,2021,3,Spring,247
해리포터를 기대했지만 노잼이었어요 왜 베스트에 있는지 모르겠음,해리포터 기대하다 노잼 이다 베스트 모르다,2,Negative,2020-09-29,2020,9,Fall,34
너무나도 포근하고 따뜻한 느낌이네요 마치 호그와트를 연상케하여 읽는 내내 넘 흥미롭고 행복해요,너무나도 포근하다 따뜻하다 느끼다 마치 호그와트 연상 읽다 내내 넘다 흥미 행복하다,5,Positive,2020-09-28,2020,9,Fall,52
잘읽히고 재미있어요 보는 동안 설레는 느낌으로 보게되는거 같아요,읽히다 재미있다 보다 동안 설레다 느낌 보다 되다 같다,5,Positive,2020-09-20,2020,9,Fall,35
잠이 들어야만 갈 수 있는 세계에 존재하는 꿈 백화점 그 곳에서 오늘 무슨 꿈을 꿀지 직접 골라 구매하고 꿈에서 깨어난 후 느끼는 감정이 꿈값 이 되어 백화점에 돌아간다는 신박한 설정 한국 판타지 세계관 중 단연 최고,들다 갈다 세계 존재 백화점 오늘 무슨 직접 고르다 구매 깨어나다 느끼다 감정 꿈값 되어다 백화점 돌아가다 설정 한국 판타지 세계관 단연 최고,5,Positive,2020-11-20,2020,11,Fall,121
어릴때부터 중년이 된 지금까지 다채로운 꿈여행을 해왔습니다 어떨땐 꿈을 꾼 직후 이건 잊지않게 기록으로 남겨야지 하면서도 잠이 덜 깨어 다시 잠들었다 까맣게 잊어버리곤 원망했던 적도 있었답니다 우연히 유튜브에서 소개받아 읽기 시작하면서 왜 나는 이런 상상력을 글로 쓸 생각을 못했을까 자책도 하고 이렇게 재밌게 이야기를 만든 작가에게 질투도 느끼면서 읽었습니다 마지막 예약꿈 이야기에서는 흐르는 눈물을 참을 수 없어 휴지로 눈물을 닦아가며 코를 풀어가면 읽었네요 작가의 다음 작품이 기대됩니다,어리다 중년 되다 지금 여행 해오다 직후 잊다 않다 기록 남기다 깨다 다시 잠들다 까맣다 잊어버리다 원망하다 적도 우연히 유튜브 소개 받다 읽다 시작 이렇다 상상력 쓸다 생각 자책 이렇게 재밌다 이야기 만들다 작가 질투 느끼다 읽다 마지막 예약 이야기 흐르다 눈물 차다 없다 휴지 눈물 닦다 풀다 읽다 작가 다음 작품 기대 되다,5,Positive,2020-11-01,2020,11,Fall,275
왜 어른들을 위한 힐링 판타지인지 읽고 나서야 알았다 간만에 너무 좋은 책을 발견한듯,어른 힐링 판타지 읽다 나서다 알다 간만 너무 좋다 발견,5,Positive,2020-09-14,2020,9,Fall,47
꿈을 이렇게 상상할 수가 있다니 기발 그자체 작가의 상상력이 대단하다 우리나라 작가라는게 자랑스럽다 널리널리 번역되기를,이렇게 상상 수가 기발 자체 작가 상상력 대단하다 우리나라 작가 자랑스럽다 널리 널리 번역 되다 기르다,5,Positive,2020-11-27,2020,11,Fall,66
지금 읽는중이에요 후기가 좋아서 저도 읽고싶어서 구매했는데 마지막장까지 읽고난 후에 제마음도 꽉찬 기분이 되면 좋겠네요 저도 그게 꼭필요한 순간이라서,지금 읽다 중이 후기 좋다 읽다 구매 마지막 읽다 마음 꽉차다 기분 되다 좋다 그게 필요하다 순간,5,Positive,2020-11-07,2020,11,Fall,83
현실에서 살짝 물러서 상상의 나래를 펼쳐볼수 있는 쉬어가는책,현실 살짝 물러서다 상상 나래 펼치다 보다 쉬다,5,Positive,2020-11-02,2020,11,Fall,33
잘넘겨지지 않네요,넘기다 않다,2,Negative,2021-01-15,2021,1,Winter,9
주제는 참신한데 내용은 그닥,주제 참신하다 내용 그닥,3,Neutral,2021-01-14,2021,1,Winter,15
달러구트 꿈 백화점은 애니메이션으로 만들어진 홍보 영상을 보고 호감을 갖고 주문했어요 제가 책을 잘 못 읽어요 책을 피기만 하면 집중이 잘 안 되는데 이 책은 이틀만에 다 읽었어요 따뜻하고 기발하고 몽환적이면서 현실적인 스토리가 있는 책이네요 연말에 읽기 참 좋은 책이었어요,달러 구트 백화점 애니메이션 만들어지다 홍보 영상 보고 호감 갖다 주문 자다 읽다 피기 집중 자다 되다 이틀 읽다 따뜻하다 기발하다 몽환 면서 현실 스토리 연말 읽다 차다 좋다 이다,5,Positive,2020-12-30,2020,12,Winter,153
읽고나서야 그치이런아이디어도 있지 하지만 읽기전엔 생각도못해본 꿈백화점,읽다 나서다 그치다 아이디어 읽다 생각 해보다 백화점,5,Positive,2020-11-19,2020,11,Fall,39
요즘 책을 읽을 여유가 없어서 계속 미루고있다가 새벽에 심심해서 읽기 시작했는데 눈 깜짝 할 사이에 다 읽어버렸네요 읽는 내내 지금까지 꿨던 꿈 중에 기억에 남았던 것들 회상도 하고 실제로 내가 잠든 동안에 꿈 백화점에 간 적이 있을수도 있는거 아닐까 하는 상상의 나래도 펼쳐보았어요 넘 잘읽었습니다,요즘 읽다 여유 없다 계속 미루다 새벽 심심하다 읽다 시작 깜짝 사이 읽다 버리다 읽다 내내 지금 끄다 기억 남다 회상 실제 잠들다 동안 백화점 아니다 상상 나래 펼치다 보다 넘다 읽다,5,Positive,2020-11-07,2020,11,Fall,167
이제 자기 전에 오늘은 무슨 꿈 꾸지 생각해보게 되요,이제 자기 오늘 무슨 꾸다 생각 해보다 되다,5,Positive,2020-11-05,2020,11,Fall,29
행복합니다,행복하다,5,Positive,2020-11-04,2020,11,Fall,5
즐거운 꿈을 기대하게 만들어 주네요,즐겁다 기대하다 만들다 주네,5,Positive,2020-11-04,2020,11,Fall,19
어릴적 신나는 꿈을 꾸고 나면 다음날 밤에도 그 꿈을 꾸었으면 좋겠다라도 한번쯤 생각해 보셨을겁니다 이 공간에서는 그 소망이현실이 되네요 흥미로운 소재이네요,어리다 신나다 꾸다 나다 다음 꾸다 좋다 한번 생각 보다 겁니다 공간 소망 현실 되다 흥미롭다 소재,5,Positive,2020-11-01,2020,11,Fall,87
이 책을 읽는 동안 행복하고 또 행복했습니다 행복한 시간을 선물해 주셔서 감사드립니다 작가님,읽다 동안 행복하다 행복하다 행복하다 시간 선물 주다 감사 드리다 작가,5,Positive,2020-10-31,2020,10,Fall,51
잘 읽히고 재밌어요 지금 내 삶에대해 한번 생각해보게 됩니닺,자다 읽히다 재밌다 지금 대해 한번 생각 해보다 됩니닺,5,Positive,2020-10-31,2020,10,Fall,33
읽기 쉬운 판타지 소설입니다 아껴 읽는다고 했는데 이틀만에 다 읽어서 너무 아쉬웠어요 영화로 나오면 너무 좋을 거 같아요 밝고 화려하고 사랑스러운 해리포터같은느낌,읽다 쉽다 판타지 소설 이다 아끼다 읽다 이틀 읽다 너무 아쉽다 영화로 나오다 너무 좋다 같다 밝다 화려하다 사랑스럽다 해리포터 같다 느낌,5,Positive,2020-10-29,2020,10,Fall,90
어른을 위한 동화 다 읽고 나서도 이야기들이 주위를 맴도는 느낌,어른 동화 읽다 나서다 이야기 주위 맴도 느낌,5,Positive,2020-10-29,2020,10,Fall,35
무심코 제목에 이끌려 읽었는데 정말 좋았습니다 당장 꿈꾸로 가고 싶네요,무심코 제목 이끌다 읽다 정말 좋다 당장 꿈꾸다 가다 싶다,5,Positive,2020-10-29,2020,10,Fall,39
뭔가 약간 히가시노 게이고 작가님의 나미야 잡화점의 기적처럼 마음이 따뜻해지고 몽글몽글 피어오르는 기분이 들어요,뭔가 약간 가시다 게이고 작가 나미 잡화 기적처럼 마음 따뜻하다 몽글몽글 피어 오르다 기분 들다,5,Positive,2020-10-28,2020,10,Fall,62
너무 재미있게 읽었어요 강추,너무 재미있다 읽다 강추,5,Positive,2020-10-26,2020,10,Fall,15
요즘 우울했었는데 이 책읽고 기분이 좋아졌어요 오랜만에 마음이 따뜻해지는 자꾸 웃음이나오는 책을 찾았네요 몇번 더 읽어야겠어요,요즘 우울하다 읽다 기분 좋아지다 마음 따뜻하다 자꾸 웃음 오다 찾다 몇번 읽다,5,Positive,2020-10-23,2020,10,Fall,70
동화같은 이야기 주책맞게 마지막엔 눈물이 마음이 따뜻해집니다,동화 같다 이야기 주책 맞다 마지막 눈물 마음 따뜻하다 지다,5,Positive,2020-10-22,2020,10,Fall,33
평소 독서취향과 좀 거리가있어서 미뤄뒀다가 읽은책 생각보다 재미있고 상상하게되는 장면이 생기는 책입니다,평소 독서 취향 거리 미루다 두다 읽다 생각 재미있다 상상 되다 장면 생기다 이다,5,Positive,2020-10-22,2020,10,Fall,57
꿈에 대한 상상력을 발휘하면서 소설 속에서 일하는 기분 꿈 속인것처럼 재미있다,대한 상상력 발휘 소설 기분 속이다 재미있다,5,Positive,2020-10-21,2020,10,Fall,43
정말 재밌게 읽었습니다 남은 페이지가 줄어가는게 아쉬울 정도로,정말 재밌다 읽다 남다 페이지 줄다 아쉽다 정도,5,Positive,2020-10-20,2020,10,Fall,34
가볍게 읽기 시작해서 많은 생각에 잠기게 하는 얘기였다 특히 9번째 이야기를 읽으며 얼마전 돌아가신 외할머니가 생각났고 언니 꿈에 나타난 외할머니가 엄마랑 잘 놀아주라 당부하고 아직 엄마 꿈에 나타나지 않아 속상해 하던 엄마가 생각났다 아마도 소설에서 처럼 외할머니가 엄마가 아직 힘들어 하는걸 아시고 조금 더 시간이 지난후에 나타나려고 꿈을 예약해 뒀을지도 모르겠다는 상상을 하며 마음 한 구석이 아련해 지는 느낌을 받았다 또한 꿈이 나의 하루의 피로감을 풀어주고 어려움을 극복하는 힘을 주며 내일 새로운 희망을 가져다 주면서 나의 다양한 생각과 감정을 키워주는 소중한 시간임을 책을 통해 느낄 수 있었다,가볍다 읽다 시작 많다 생각 잠기 얘기 이다 특히 이야기 읽다 얼마 돌아가다 외할머니 생각나다 언니 나타나다 외할머니 엄마 자다 놀다 당부 아직 엄마 나타나다 않다 속상하다 엄마 생각나다 아마도 소설 처럼 외할머니 엄마 아직 힘들다 는걸 아시 조금 시간 나타나다 예약 두다 모르다 상상 마음 구석 아련하다 지다 느낌 받다 또한 하루 피로 풀다 어려움 극복 주다 내일 새롭다 희망 가다 주다 다양하다 생각 감정 키우다 소중하다 시간 통해 느끼다,5,Positive,2020-10-20,2020,10,Fall,339
와 책잘안보는데 이건정말 너무재밌네요 몽글몽글 정말 처음이에요 책읽으면서 이런감정드는거 작가님 작품활동 많이하셔서 좋은작품많이보고싶어요 감사하네요정말,오다 보다 정말 너무 재밌다 몽글몽글 정말 처음 읽다 감정 들다 작가 작품 활동 많이 좋다 작품 보고 싶다 감사하다 정말,5,Positive,2020-10-16,2020,10,Fall,83
한글자 한글자가 전부 예뻐보이는 힐링책 이네요 잠들기전에 책보시는분들 필독서 오늘도 꿈꾸러갑니다,글자 글자 전부 예쁘다 보이다 힐링 이다 잠들다 기전 보시 필독 오늘 꿈꾸다 가다,5,Positive,2020-10-15,2020,10,Fall,53
동심으로 돌아가는 기분이었어요 유치하지도 않아서 부담없이 편하게 읽을 수 있었어요 표지가 조금 동화같아서 살까말까 고민을 많이 했는데 저와 같은 고민을 하는 분이 계시다면 더 깊이 생각하지 말고 사세요 꿀잼입니다,동심 돌아가다 기분 이다 유치하다 않다 부담 없이 편하다 읽다 표지 조금 동화 같다 까맣다 고민 많이 같다 고민 계시다 깊이 생각 사다 꿀잼 이다,5,Positive,2020-10-12,2020,10,Fall,118
한동안 소설을 읽지 않았고 국내 소설은 더더욱 읽지 않은 기간이 길었는데 모처럼 재미있는 책을 만났습니다 주제가 신선하고 중간 중간 와닿는 문구가 있어요,한동안 소설 읽다 않다 국내 소설 더욱 읽다 않다 기간 길다 모처럼 재미있다 만나다 주제가 신선하다 중간 중간 오다 닿다 문구,5,Positive,2020-10-04,2020,10,Fall,85
오랫만에 마음이 좋아요,마음 좋다,5,Positive,2020-09-28,2020,9,Fall,12
첫 스토리구성 시작할때는 괜찮았습니다 제목이 주는 판타지 함도 있었구요 근데 내용이 점점 갈수록 안읽히고 한국내용인지 외국내용인지 모르겠는 장면전환의 설정과 세계관이 너무 허술해서 판타지의 신비스러움이 부자연스럽습니다 물론 전달하고자 하는 의미는 후반부로 갈수록 느껴지지만 정말 잠시뿐인 감동이에요 제생각엔 컨셉자체는 너무좋지만 이걸 풀어나가는 내용이 냉정하게 재미없습니다 한마디로 스토리가 많이 부실합니다 그렇다고 호로록 읽히는 가독성이 좋은 책이냐 그건 아닙니다 캐릭터 이해하느냐고 오래걸리더라구요 마지막으로는 독자들의 찬사가 문제인것같습니다 대작인 해리포터를 비교해서 굉장히 기대를 많이한 책이였거든요 시리즈로 한번에 다구매했는데 조금 후회됩니다 많이 아쉽네요 1편은,스토리 구성 시작 괜찮다 제목 주다 판타지 근데 내용 점점 갈수록 읽히다 한국 내용 외국 내용 모르다 장면 전환 설정 세계관 너무 허다 판타지 신비 스럽다 부자연스럽다 물론 전달 의미 후반 부로 갈수록 느껴지다 정말 잠시 감동 생각 컨셉 자체 너무 좋다 풀다 나가다 내용 냉정하다 재미없다 한마디 스토리 많이 부실하다 호로록 읽히다 가독성 좋다 그건 아니다 캐릭터 이해 오래 걸리다 마지막 독자 찬사 문제 같다 대작 해리포터 비교 굉장하다 기대 이다 시리즈 한번 구매 조금 후회되다 많이 아쉽다,2,Negative,2025-01-09,2025,1,Winter,376
저만그런가요 안읽혀요 2편도 나왔네요 시작하면 끝을봐야하는데 안 읽혀요 노력해볼께요 끝맺지않음 찝찝함이 오래갈것같아서,가요 읽히다 편도 나오다 시작 보다 읽히다 노력 해보다 맺다 않다 찝찝하다 오래 갈다 같다,2,Negative,2021-08-23,2021,8,Summer,65
음 책이 너 과대평가된게 아닌가 싶네요 읽는 내내 아쉬웠습니다 깊이 있지 않고 그냥 조잡했어요 따로 공감가는 내용도 없고 하도 마케팅하는 책이길래 구매했는데 실망입니다 그냥 겉만 핥다 끝나는 책같아요,과대 평가 되다 아니다 싶다 읽다 내내 아쉽다 깊이 않다 그냥 조잡하다 따로 공감 가다 내용 없다 마케팅 이기다 구매 실망 이다 그냥 핥다 끝나다 같다,2,Negative,2021-07-04,2021,7,Summer,111
베스트셀러에 올라와있던 달러구트꿈백화점은 소재부터 정말 마음이 갔다 잠들어야만 입장이 가능한 신비로운 마을이 있고 그 곳에는 꿈을 살 수 있는 백화점이 있다니 판타지 소설은 우리의 세상과 완전히 동떨어져 있을 때 보다 우리도 어쩌면 이라는 마음이 들때 우리의 삶과 맞닿는 부분이 있을 때 더 깊이 빠지게 되는 것 같다 기차를 타고 호그와트를 갈 수 있고 머글들과 마법사가 함께 살아가는 해리포터 시리즈 처럼 그리고 무엇보다 독자가 남긴 책 추천사를 읽고 바로 장바구니에 담았었다 호그와트 다음으로 가보고 싶은 환상의 세계를 선물했다 라니 호그와트를 사랑하는 한 사람으로 꼭 확인해 봐야 하는 문구라고 생각했던 것 같다 혹은 호그와트와 비교할 정도라면 이라는 기대감도 있었다 책을 읽으면서 그 동화같은 마을을 상상하는 재미도 있고 소설에 나오는 다양한 캐릭터를 알아가는 재미도 있다 우리 이야기가 담겨있어 웃고 울며 동화같은 이야기를 즐겁게 읽어가는 동안 오늘밤 나는 백화점에서 어떤 꿈을 구매할까 나는 오늘 어떤 꿈을 꾸게 될까 하는 즐거운 생각이 들기도 했다 책을 덮을 때가 되어서야 나는 책 표지를 다시 한 번 들여다 봤다 제목뒤에 1 이라든지 상 이라든지 후속편을 알리는 무언가가 빠져있다는 생각이 들었다 잠들어야 닿을 수 있는 상상속 마을 달러구트의 꿈 백화점 너무나도 매력적인 캐릭터들의 이야기가 이것으로 끝일리가 없다는 생각을 했기 때문이다 아직 우리에게 필요한 꿈들이 많이 남아있을 텐데 후속편을 기다리게 되는 소설이다,베스트셀러 올라오다 달러 구트 백화점 소재 정말 마음 가다 잠들다 입장 가능하다 신비롭다 마을 백화점 판타지 소설 우리 세상 완전하다 동떨어지다 보다 우리 어쩌면 마음 들다 우리 맞닿다 부분 깊이 빠지다 되다 같다 기차 타고 호그와트 갈다 머글 마법사 함께 살아가다 해리포터 시리즈 처럼 무엇 독자 남기다 추천사 읽다 바로 장바구니 담다 호그와트 다음 가보다 싶다 환상 세계 선물 호그와트 사랑 사람 확인 보다 문구 생각 같다 혹은 호그와트 비교 정도 라면 대감 읽다 동화 같다 마을 상상 재미 소설 나오다 다양하다 캐릭터 알다 재미 우리 이야기 담기다 웃다 울다 동화 같다 이야기 즐겁다 읽다 동안 오늘밤 백화점 어떻다 구매 오늘 어떻다 꾸다 되다 즐겁다 생각 들다 기도 덮다 되어다 표지 다시 들이다 보다 제목 속편 알리다 무언가 빠지다 생각 들다 잠들다 닿다 상상 마을 달러 구트 백화점 너무나도 매력 캐릭터 이야기 끝일 리가 없다 생각 때문 아직 우리 필요하다 많이 남다 속편 기다리다 되다 소설,5,Positive,2020-12-30,2020,12,Winter,745
정말 최고네요 다 읽고나서 더 볼 수없다는게 아쉬울 정도로요 이 책 읽고나서 꿈꾸고나면 괜히 소중하게 느껴지더라구요,정말 최고 읽다 없다 아쉽다 정도 읽다 꿈꾸다 괜히 소중하다 느껴지다,5,Positive,2020-12-27,2020,12,Winter,64
새로운 취미의 첫 시작을 기분좋게 만들어주는 책인것같아요,새롭다 취미 시작 기분 좋다 만들다 같다,5,Positive,2020-12-27,2020,12,Winter,31
미소를 띄우며 읽게 되는 책 어른이 되어 꿈에 대해 다시 생각하게 해쥬는 책,미소 띄우다 읽다 되다 어른 되어다 대해 다시 생각 해쥬,5,Positive,2020-12-27,2020,12,Winter,42
글이 한번 시작하면 끝까지 잘 읽힌다 전체적 구성이 탄탄하다 꿈을 자주 꾸고 기억하는 사람들에겐 공감의 글이고 그렇지 않은 사람에겐 상상력을 자극하는 판타지이다,한번 시작 자다 읽히다 전체 구성 탄탄하다 자주 꾸다 기억 사람 공감 그렇다 않다 사람 상상력 자극 판타지,5,Positive,2020-12-27,2020,12,Winter,89
올해 최고의책 이라고 생각합니다 진짜최고,올해 최고 생각 진짜 최고,5,Positive,2020-12-26,2020,12,Winter,22
잘읽힙니다 심심할때 시간가는줄모르고 읽었네요,읽히다 심심하다 시간 가다 모르다 읽다,5,Positive,2020-12-26,2020,12,Winter,24
군대에서 재미없는 책만 보다가 인생 처음으로 소설책을 구입해서 봤는데 상상속에서 나올법한 이야기를 잘풀어 나가면서 꿈이 라는 주제가 큰 호기심을 만든거 같습니다,군대 재미없다 보다 인생 처음 소설 구입 보다 상상 나오다 이야기 풀다 나가다 주제가 크다 호기심 만들다 같다,5,Positive,2020-12-25,2020,12,Winter,89
서점에서 어쩌다 사서 읽게됐는데 정말 재밌었어요 요즘 판타지 드라마가 많이 나오는 추세인데 이 책을 원작으로 만든 드라마로 나오면 정말 잘어울릴거같은 내용이었어요 크리스마스에 잘어울리는 책이라 책선물할때도 부담없을책입니다,서점 어쩌다 사서 읽다 돼다 정말 재밌다 요즘 판타지 드라마 많이 나오다 추세 원작 만들다 드라마 나오다 정말 어울리다 같다 내용 이다 크리스마스 어울리다 선물 부담 없다 이다,5,Positive,2020-12-25,2020,12,Winter,123
어른들을 위한 동화 위로와 웃음과 눈물과 현실 그리고 꿈이 적절하게 섞인 이야기,어른 동화 위로 웃음 눈물 현실 적절하다 섞이다 이야기,5,Positive,2020-12-24,2020,12,Winter,44
선물을 받으신 분이 너무 좋아하네요,선물 받다 너무 좋아하다,5,Positive,2020-12-24,2020,12,Winter,19
아주 좋은책이네요 힘든시기 큰 위로가 되었습니다 모두에게 추천합니다,아주 좋다 힘드다 크다 위로 되어다 모두 추천,5,Positive,2020-12-24,2020,12,Winter,37
소설의 내용이 부러울 만큼 재밌습니다 잠과 꿈에 대해 다시 생각해보게 됩니다 방금 다 읽었는데 또 바로 읽게 만드는 책입니다,소설 내용 부르다 만큼 재밌다 대해 다시 생각 해보다 되다 방금 읽다 바로 읽다 만들다 이다,5,Positive,2020-12-23,2020,12,Winter,69
한국식 뉴환타지소설인데 거부감이 전혀없이 술술읽히면서 잊었던꿈에 대한 새로운생각을줍니다,한국 환타지 소설 거부 전혀 없이 술술 읽히다 잊다 대한 새롭다 생각 줍다,5,Positive,2020-12-20,2020,12,Winter,48
초4 아이에게 선물했어요 작가의말만 읽었는데도 너무 설렌다며 죽죽 읽기 시작하더라고요 끝나가는게 아쉽다고 아껴읽겠다고 하더니 결국은 못 아끼고 다 읽어버렸다네요,아이 선물 작가 읽다 너무 설레다 죽죽 읽다 시작 끝나다 아쉽다 아끼다 읽다 결국 아끼다 읽다 버리다,5,Positive,2020-12-20,2020,12,Winter,89
살까말까 수차례 고민하다가 얼마전 매장갈일있어 간김에 바로드림으로 데려왔어요 오자마자 그냥 한방에 읽어버렸어요 시험끝나면 읽겠다고 두딸이 기다리는중입니다,까맣다 차례 고민 얼마 매장 갈다 이다 간김 바로 드림 데려오다 자마자 그냥 읽다 버리다 시험 끝나다 읽다 기다리다 이다,5,Positive,2020-12-18,2020,12,Winter,85
상상력의 끝판왕이네요 정말 재미있게 잘 읽었어요,상상력 끝판 정말 재미있다 자다 읽다,5,Positive,2020-12-17,2020,12,Winter,26
마음 따뜻해지고 위로되는 책이예요 꿈에대해서 다시한번 감사하게 생각하게 되었어요,마음 따뜻하다 위로 되다 대해 다시 한번 감사하다 생각 되어다,5,Positive,2020-12-13,2020,12,Winter,44
처음 이 책을 봤을 때 제목이 신선해서 눈길이 가고 내용이 재밌어서 몇번 읽게되었습니다 그동안 가끔식 또는 자주 꾸었던 꿈을 한 번도 깊게 생각해본적이 없었던 저로써는 너무 재밌었습니다 심지어는 제가 기억에 남는 꿈 중에 하나가 책과 유사한 내용인 것을 발견했을 때는 놀라움을 감추지 못했습니다 저처럼 신박하고 창의적인 소설책을 좋아하는 분들에게는 아주 딱 걸맞는 책일 것입니다 읽다보면 시간 가는줄 모르고 계속 읽게됩니다 그러나 저는 마지막 결말이 살짝 아쉬운 부분이 있었습니다 끝나는 부분이 마침을 끝내지 못하고 뒤에 이어질꺼만 같은 기분을 주어서 찝찝한 느낌이 들었습니다 하지만 앞 내용이 튼튼해서 그런지 이런 기분도 금방 사그러들었습니다 이미예 작가님 다른 책들도 읽어 보고싶습니다,처음 보다 제목 신선하다 눈길 가다 내용 재밌다 몇번 읽다 되어다 그동안 가끔 또는 자주 꾸다 깊다 생각 해보다 없다 로써 너무 재밌다 심지어 기억 남다 하나 유사하다 내용 발견 놀라다 감추다 박하 창의 소설 좋아하다 아주 맞다 책일 이다 읽다 보다 시간 가다 모르다 계속 읽다 되다 마지막 결말 살짝 아쉽다 부분 끝나다 부분 마침 끝내다 이어지다 같다 기분 주어 찝찝하다 느낌 들다 내용 튼튼하다 그렇다 이렇다 기분 금방 그렇다 들다 이미 작가 다른 읽다 보다,5,Positive,2020-12-02,2020,12,Winter,385
꿈이라는 단어는 잠깐자다깬 잠시 동안 머무르는세계라고 생각한다 근데 그꿈을 통해서 미래도 현재도 과거도 누릴수 있는 나만의 세계란걸 이책을 통해 알게되었다 과거는 잊고 싶은 날 현재는 미래가 오는 두려움 미래는 나의 나중의 모습을 나타내서 난 싫었지만 이책을 통해서 꿈이라는 단어가 생소하지만 내게는 또다른 꿈과 모든걸을 보여줄수있는 모든거라고 생각했다 달라구트 꿈백화점 강력추천 처,단어 잠깐 깨다 잠시 동안 머무르다 생각 근데 통해 미래 현재 과거 누리다 계란 통해 되어다 과거 잊다 싶다 현재 미래 오다 두려움 미래 나중 모습 나타내다 싫다 통해 단어 생소하다 내다 보여주다 생각 달라 구트 백화점 강력 추천,5,Positive,2020-12-02,2020,12,Winter,214
꿈에 대한 기발한접근에 놀랐습니다 계절적으로나 시기적으로도 읽기 좋은 책이었습니다 뻔할 수 있는 내용들도 있었지만 책 내용과 잘 어우러졌다고 생각합니다 잘 읽었습니다,대한 기발하다 접근 놀라다 계절 기적 읽다 좋다 이다 뻔하다 내용 내용 자다 어우러지다 생각 자다 읽다,5,Positive,2020-12-02,2020,12,Winter,92
역시 베스트셀러,역시 베스트셀러,5,Positive,2020-11-20,2020,11,Fall,8
후 진짜 오만과펀견 이후로 제 인생소설 만났습니다 상상하면서 읽는 재미가 있고 작가님의 꿈에 대한 아이디어가 돋보이는 책입니다 읽는내내 너무 재밌고 술술 읽혀서 한장 한장 넘기는게 아까울 정도에요 추천합니다,진짜 오만 펀견 이후 인생 소설 만나다 상상 읽다 재미 작가 대한 아이디어 돋보이다 이다 읽다 너무 재밌다 술술 읽히다 한장 한장 넘기다 아깝다 정도 추천,5,Positive,2020-11-18,2020,11,Fall,115
시간 가는 줄 모르고 한 권을 금방 읽어버렸어요 묘사된 문장 하나하나 상상력이 높아지는 느낌,시간 가다 모르다 금방 읽다 버리다 묘사 되다 문장 하나 하나 상상력 높아지다 느낌,5,Positive,2020-11-17,2020,11,Fall,51
너무재밌어서 조금씩 꼼꼼히 아껴읽고있어요 판타지 너무 좋아하는데 외국책을 번역한게 항상아쉬웠어요 근데 이건 작가님이 한국분이시니깐 억색한 부분없이 너무 술술 잘 읽혀요 정말 아껴서보려고 노력중이에요,너무 재밌다 조금씩 꼼꼼하다 아끼다 읽다 판타지 너무 좋아하다 외국 번역 항상 아쉽다 근데 작가 한국 부분 없이 너무 술술 자다 읽히다 정말 아끼다 보다 노력,5,Positive,2020-11-15,2020,11,Fall,110
책을 읽는 동안 행복했어요 창의적이고 독특한 구성도 좋았지만 일상의 이야기와 자연스럽게 녹아내리며 따뜻한 위로를 전해주는 책이었어요 왜 어른들을 위한 동화라고 하는지 와 닿았습니다 잔잔한 감동이 밀려드는 따뜻한 시간이었습니다,읽다 동안 행복하다 창의 독특하다 구성 좋다 일상 이야기 자연 녹아내리다 따뜻하다 위로 해주다 이다 어른 동화 오다 닿다 잔잔하다 감동 밀리다 들다 따뜻하다 시간 이다,5,Positive,2020-11-15,2020,11,Fall,125
이 책은 쉽고 잘 읽히는 책이며 처음으로 리뷰하게 만든 책이네요 꿈을 사고 판다는 내용이 참신했으며 소소한 감동도 있고 캐릭터들의 스타일도 좋았어요 속편도 나왔으면 좋겠고 영화로도 나오면 어떨까하는 생각을 하게해준 소설이었어요 좋은 꿈 잘 봤어요,쉬다 자다 읽히다 처음 리뷰 만들다 사고 판다 내용 참신하다 소소하다 감동 캐릭터 스타일 좋다 속편 나오다 좋다 영화로 나오다 어떻다 생각 해주다 소설 이다 좋다 자다 보다,5,Positive,2020-11-14,2020,11,Fall,137
처음엔 그냥 환타지적인건가 싶었는데 읽을수록 마음에 남는 무언가가 있습니다 가볍지만 집중하게 만드는 누구에게나 추천할만한 책입니다,처음 그냥 환타지 건가 싶다 읽다 마음 남다 무언가 가볍다 집중 만들다 누구 추천 이다,5,Positive,2020-11-13,2020,11,Fall,72
따뜻하고 위로가 돼요 처음부터 끝까지 따뜻한데 유치하지 않아 좋았네요,따뜻하다 위로 돼다 처음 따뜻하다 유치하다 않다 좋다,5,Positive,2020-11-12,2020,11,Fall,38
읽고나서 정말 오랜만에 내안에 소년을 마주했다,읽다 정말 소년 마주,5,Positive,2020-11-11,2020,11,Fall,25
딸아이와 함께 읽으려고 주문했어요 딸아이가 먼저 읽고 있는데 너무나 재미있다고 하네요,딸아이 함께 읽다 주문 딸아이 먼저 읽다 너무나 재미있다,5,Positive,2020-11-11,2020,11,Fall,47
와이프한테 선물하려고 구매했어요,와이프 선물 구매,5,Positive,2022-11-22,2022,11,Fall,17
하아 괜히 샀다,괜히 사다,2,Negative,2021-10-08,2021,10,Fall,8
지인이 추천 하길래 구매했습니다 표지가 이쁘네요,지인 추천 구매 표지 이쁘다,5,Positive,2021-07-20,2021,7,Summer,26
책 속 내용처럼 꿈을 꾸고 난 후에 요금을 지불하는 후불제처럼 지금 리뷰를 작성하는 건 이 책을 읽고난 후 지불하는 제 읽음가격입니다 31의 나이에서 아직도 생각으로만 흩어진 것들이 이 책을 통해서 말로 표현할 수 있게 되는 게 있어 너무 좋았습니다 기발하다라는 기분으로 책 요금을 크게 지불하고 싶네요 부담이실 수 있는데 다음 작품 기대하겠습니다 일주일 조금 넘게 병원에 입원해서 마음이 어두워질 무렵 좋은 책으로 수술도 이겨내고 있습니다 감사합니다,내용 꾸다 요금 지불 후불 처럼 지금 리뷰 작성 읽다 지불 읽다 가격 이다 나이 아직도 생각 흩어지다 통해 말로 표현 되다 너무 좋다 기발하다 기분 요금 크게 지불 싶다 부담 다음 작품 기대하다 일주일 조금 넘다 병원 입원 마음 어두워지다 무렵 좋다 수술 이기다 감사하다,5,Positive,2021-04-08,2021,4,Spring,252
줄거리에 이끌려 주문했는데 내용에 집중을 못하겠더라고요 그래도 꾸준히 읽어보려해요,줄거리 이끌다 주문 내용 집중 그래도 꾸준하다 읽다 보다,4,Positive,2021-03-14,2021,3,Spring,45
한국의 해리포터라고 불리는 베스트셀러라길래 기대가 많이 컸어요 그런데 기대가 커서 그랬는지는 모르겠지만 그 정도는 아닌듯 싶어요 재미 없는건 아니지만 제가 읽었던 책들 중에 더 재미있는 책들이 많은듯 싶어요,한국 해리포터 불리다 베스트셀러 기대 많이 크다 기대 커서 그렇다 모르다 정도 아니다 싶다 재미 없다 아니다 읽다 재미있다 많다 싶다,4,Positive,2021-02-27,2021,2,Winter,115
냉정하게는 50점 정도 책 좀 읽어본 분들이면 부족한 문장력이 조금 아쉽게 느껴지실 거에요 한국에서 이만한 판타지 소설이 나온건 박수쳐줄만 하지만 첫 설정을 제외하고 상상되는 무드는 어디선가 본듯한 것을 흉내낸 느낌이긴 합니다 그럼에도 잘 읽히긴 해요 너무 큰 기대 없이 가볍게 청소년 소설정도 수준으로 읽을 법 합니다 아주 무겁지 않으면서 나쁘지 않는 소재라 가벼운 지인 선물용으로는 좋을 것 같아요,냉정하다 정도 읽다 보다 이면 부족하다 문장 조금 아쉽다 느껴지다 한국 이만 판타지 소설 나오다 박수 치다 설정 제외 상상 되다 들다 어디 흉내 내다 느끼다 그렇다 자다 읽히다 너무 크다 기대 없이 가볍다 청소년 소설 정도 수준 읽다 아주 무겁다 않다 나쁘다 않다 소재 가볍다 지인 선물 좋다 같다,3,Neutral,2021-01-31,2021,1,Winter,224
좋은 소설 이유가 있다 1위는,좋다 소설 이유,5,Positive,2020-11-29,2020,11,Fall,16
빨리 읽으셨다눈분들 많으신데 저는 진도를 못빼고 있네요 잘 안읽히지만 다시한번 도전해볼께욥,빨리 읽다 많다 진도 빼다 자다 읽히다 다시 한번 도전 해보다,3,Neutral,2020-11-09,2020,11,Fall,50
3년 정도 책 읽기가 힘들었는데 이 책은 순식간에 잘 읽었습니다,정도 읽다 힘들다 순식간 자다 읽다,4,Positive,2020-10-28,2020,10,Fall,35
꿈을 사고 판 다는게 참 생소하면서도 신선해서 구입해 읽었는데 신규직원이 채용되고 에피소드들이 엮어서 구성된 소설이였는데 꿈에 대해 삶에 대해 다시 한번 생각해보게 하는 감동과 재미가 있는 책이였어요,사고 달다 차다 생소하다 신선하다 구입 읽다 신규 직원 채용 되다 에피소드 엮어 구성 되다 소설 이다 대해 대해 다시 한번 생각 해보다 감동 재미 이다,4,Positive,2020-10-22,2020,10,Fall,111
소재가 독특하고 캐릭터들도 각자 특성이 있어서 즐겁게 읽었어요 에피소들이 하나하나 따뜻해서 좋았습니다,소재 독특하다 캐릭터 각자 특성 즐겁다 읽다 에피 하나 하나 따뜻하다 좋다,4,Positive,2020-09-15,2020,9,Fall,56
재미있어 시간 가는줄 몰라요,재미있다 시간 가다 모르다,5,Positive,2022-11-27,2022,11,Fall,15
저희 언니가 니 저책 재밌나보네 니 원래 책 다 안읽잖아 근데 이번엔 다 읽겠다 라고 말할정도로 진짜 재밌었어요 사실 제가 꿈을 진짜 안꾸는편이라서 내가 이책에 공감을 할까 이랬는데 그래도 전부터 사고싶었던 책이라 샀는데 진짜 너무 재밌고 그래서 오늘 2권도 구매했습니다 진짜 현실속에서도 달러구트 백화점이 있다면 좋을것같다는 생각을 했어요 이 각박한 현실속에서 저런 꿈이라도 꾸면 그래도 좀 낫지않을까 생각을 잠시 했습니다 작가님 또 다른작품도 내주세요 너무 재밌어서 가족들과 친구들에게도 추천한 책입니다 감사합니당,저희 언니 재밌다 보다 원래 읽다 근데 이번 읽다 정도 진짜 재밌다 사실 진짜 꾸다 편이 공감 그래도 사다 사다 진짜 너무 재밌다 그래서 오늘 구매 진짜 실속 달러 구트 백화점 좋다 같다 생각 각박하다 실속 저런 꾸다 그래도 않다 생각 잠시 작가 작품 내주다 너무 재밌다 가족 친구 추천 이다 감사하다,5,Positive,2021-08-11,2021,8,Summer,289
전 아직 읽어보지 못했지만 6학년 아들은 재미있다네요,아직 읽다 보지 학년 아들 재미있다,4,Positive,2021-08-10,2021,8,Summer,29
현실이 어렵고 힘든 사람들이 잠에 들어 꿈을 꾸고 꿈을 펼치게 된다는 이야기 흥미롭고 따뜻하다 2편도 어서 읽고 싶다,현실 어렵다 힘드다 사람 들다 꾸다 펼치다 되다 이야기 흥미 따뜻하다 편도 어서 읽다 싶다,5,Positive,2021-08-04,2021,8,Summer,65
가벼운 마음으로 읽기 좋아요 인생을 되돌아보게 된다거나 새로운걸 알게 되는 그런 류의 책은 아니에요 딱히 악역도 없고 아름다운 세상에 즐거운 하루를 보내는 페니에게 빙의해 기분좋게 읽을 수 있는 그런 책입니다,가볍다 마음 읽다 좋다 인생 되돌아보다 되다 새롭다 되다 그렇다 아니다 딱하다 악역 없다 아름답다 세상 즐겁다 하루 보내다 페니 빙의 기분 좋다 읽다 그렇다 이다,5,Positive,2021-07-12,2021,7,Summer,116
정말 특별한 엄청난 에피소드가 있는 것도 아닌데 정말 시간 가는 중 모르고 책을 읽게되었던 것 같아요 정말 최고 완전 추천합니다,정말 특별하다 엄청나다 에피소드 아니다 정말 시간 가다 모르다 읽다 되어다 같다 정말 최고 완전 추천,5,Positive,2021-07-05,2021,7,Summer,71
가볍게 읽을 수 있어요 많이 들은 내용인것 같지만 또 아닌것도 같은 그런 책인것 같아요,가볍다 읽다 많이 들다 내용 같다 아니다 같다 그렇다 같다,5,Positive,2021-06-10,2021,6,Summer,48
E북으로 생각지않게 읽었는데 따뜻하고 기발한 착한 소설 너무 잘 읽었어요,생각 않다 읽다 따뜻하다 기발하다 착하다 소설 너무 자다 읽다,5,Positive,2021-05-25,2021,5,Spring,40
호불호가 있을것 같아요 좋아하는 분야라면 나쁘지 않을것 같아요,호불호 같다 좋아하다 분야 라면 나쁘다 않다 같다,5,Positive,2021-05-13,2021,5,Spring,34
동화같고 순수합니다 스트레스 안 받고 술술 읽었어요,동화 같다 순수하다 스트레스 받다 술술 읽다,4,Positive,2021-05-02,2021,5,Spring,28
저는 제 상황들과 여러면에서 공감가는 부분이 많아서 너무 좋았어요 많이 생각하지 않고 편안하게 읽을 수 있는 책 이였습니다,상황 공감 가다 부분 많다 너무 좋다 많이 생각 않다 편안하다 읽다 이다,5,Positive,2021-04-12,2021,4,Spring,68
쉬운 내용으로 잘 읽혔어요 낮잠자거나 밤잠자기전에 상상도 많이 하게되고 내용 자체는 쉬웠네용 후기가 안좋은 후기도 많은데 저는 나름 만족했어요 킬링타임용으로 소소하게 읽을수 있던 책이었습니다,쉽다 내용 자다 읽히다 낮잠 자다 밤잠 기전 상상 많이 내용 자체 쉽다 후기 안좋다 후기 많다 나름 만족하다 킬링타임 소소하다 읽다 이다,5,Positive,2021-04-12,2021,4,Spring,106
내용이 재밌다고 들어서 의심하며 읽었는데 진짜 재밌고 고휸도 주는 내용이네요 이십대의 내가 읽기에는 너무 영한가 했는데 그것도 아니였어요 추천합니다,내용 재밌다 들어서다 의심 읽다 진짜 재밌다 고휸 주다 용이 대의 읽다 너무 영하 그것 아니다 추천,5,Positive,2021-04-09,2021,4,Spring,82
책을 쳐다도 안보다가 시간 여유가 많이 생기게 되어 문득 생각나서 끌리는 대로 장바구니에 담은 책들 중 하나 담겨진 책들 중에서 제일 먼저 읽게 되었어요 가볍게 기분 좋게 자기전에 읽기 좋은 책 저도 꿈을 사고 싶네용,치다 안보 다가 시간 여유 많이 생기 되어다 문득 생각나다 끌리다 대로 장바구니 담다 하나 담기다 제일 먼저 읽다 되어다 가볍다 기분 좋다 자다 읽다 좋다 사고 싶다,5,Positive,2021-04-01,2021,4,Spring,121
꿈을 믿는사람 안믿는사람중 나는 꿈을 믿는 사람 꿈을 꾸고 싶은것만 꾸면 얼마나 좋을까라는 생각도하며 읽고 읽으면서 작은 위로를 많이 받았다 무엇보다 책장을 넘길때마다 더 집중하고 보게되는 마약같은 책 강추,믿다 사람 믿다 사람 믿다 사람 꾸다 싶다 꾸다 얼마나 좋다 생각 도하 읽다 읽다 작다 위로 많이 받다 무엇 책장 넘다 집중 보다 되다 마약 같다 강추,5,Positive,2021-03-29,2021,3,Spring,115
동화처럼 술술 읽히는 책이에요 간만에 좋은 책 집중하며 읽었어요,동화 술술 읽히다 간만 좋다 집중 읽다,5,Positive,2021-03-22,2021,3,Spring,35
아직 읽어보지는 않았지만 기대하고 있어요,아직 읽다 보지 않다 기대하다,5,Positive,2021-03-03,2021,3,Spring,22
꿈꾸지않아도 신비로운 꿈을 꾸는 듯한 세계,꿈꾸다 않다 신비롭다 꾸다 세계,5,Positive,2021-02-15,2021,2,Winter,23
크게 공들여 집중하지 않아도 술술 잘 읽히는 책이었습니다 후기에서 본 것처럼 분위기를 몽글하게 만드는 판타지 소설이에요 다만 저는 크게 인상깊지는 않았습니다 매력적인 세계관이긴 하나 크게 감동받을만한 한 부분이 없어서 아쉬웠습니다,크게 집중 않다 술술 자다 읽히다 이다 후기 보다 분위기 몽글하다 만들다 판타지 소설 다만 크게 인상 깊다 않다 매력 세계관 이기다 하나 크게 감동 받다 부분 없다 아쉽다,4,Positive,2021-02-05,2021,2,Winter,128
주위추천으로 구입했는데 너무재미있네요 지루하지도 않구요 중딩조카에게도 권했네요,주위 추천 구입 너무 재미있다 지루하다 않다 중딩 조카 권하다,4,Positive,2021-02-05,2021,2,Winter,43
꿈이라는 평범한 소재를 재미있게 다룬 소설로 마치 진짜로 일어나는 것이 아닐까라는 동화적인 상상을 유발한다,평범하다 소재 재미있다 다루다 소설 마치 진짜 일어나다 아니다 끄다 동화 상상 유발,5,Positive,2021-02-05,2021,2,Winter,59
앉은 자리에서 끝까지 다 읽었습니다 책을 많이 읽진 않고 읽어야지 하는 타입이라 책에 오래 집중 하기 어려워하는데 끝까지 집중해서 다 읽었네요 다른 책 같은 경우엔 책읽다 다른 짓 하고 반복 하는데 그렇지도 않았어요 자기 전에 나도 꿈백화점을 들리는 고객일까 라는 기분 좋은 상상을 하며 잠에 든답니다,앉다 자리 읽다 많이 읽다 않다 읽다 타입 오래 집중 어렵다 집중 읽다 다른 같다 경우 읽다 다른 반복 그렇다 않다 자기 나다 백화점 들리다 고객 이다 기분 좋다 상상 들다,5,Positive,2021-01-28,2021,1,Winter,168
자기 전에 괜시리 꿈의 세계속으로 들어간다고 생각하니 설레더라구요 정말 아무생각없던 잠 이라는 것에 대해 설레임을 느끼게 해주는 책인것 같아요 잘 읽히고 따뜻하고 귀여운 책 추천합니다,자기 괜시리 계속 들어가다 생각 설레다 정말 생각 없다 대해 설레임 느끼다 해주다 같다 자다 읽히다 따뜻하다 귀엽다 추천,5,Positive,2021-01-28,2021,1,Winter,102
잘읽히고 독특해요 늘 꿔오던 꿈들을 다른관점에서 해석할 수 있어서 재밌었고 감동도 있네요 전 연령층을 사로잡는 책이 아닐까 싶습니다,읽히다 독특하다 꾸다 관점 해석 재밌다 감동 연령 사로자다 아니다 싶다,5,Positive,2021-01-25,2021,1,Winter,73
어릴 때 재밌는 책 보면 뒤에 남은 부분 마저 읽고 싶어서 빨리 집에 가서 읽어야지 했던 기억이 있어요 어른이 되면서 그런 느낌 못 받을 줄 알았는데 오랜만에 이 책 덕분에 설렘을 느꼈어요 자고 일어나면 다음날 혼자 마음 속으로 꿈 가격을 슬쩍 지불 하기도 하고요 2편도 준비중이라는데 완전 기대되요,어리다 재밌다 보다 남다 부분 마저 읽다 싶다 빨리 가다 읽다 기억 어른 되다 그렇다 느낌 받다 알다 덕분 설레다 느끼다 자고 일어나다 다음 혼자 마음 가격 슬쩍 지불 편도 준비 완전 기대다,5,Positive,2021-01-23,2021,1,Winter,167
초반엔 지루하게 시작하는감이 없지않아있는데 중간부턴 제법 잘읽히네요,초반 지루하다 시작 없다 않다 중간 제법 읽히다,4,Positive,2021-01-22,2021,1,Winter,37
이 책을 고른 이유는 1번째 베스트셀러이라서 2번째는 저자가 공대생 출신이라서 입니다 저도 공대생이지만 책이라는 것을 써보고 싶었는데 이분의 글을 읽어보고 싶었습니다 1장을 읽으며 확 와닿지 않았고 이책이 베스트셀러 인가 도 싶더라구요 틈틈히 책을 읽었습니다 꿈은 우리의 일상이니 뻔한 소재임은 분명합니다 그러나 중간이상을 읽어가다보니 평범한 이야기가 오히려 정말 꿈을 파는 곳이 있을까 착각이 들더라구요 평범함 속에 특별함이 있었습니다 저는 소설책을 선호하는 편은 아니나 이책은 재미보단 꿈의 세계를 상상 할 수 있어 좋았습니다 확 빨려들어가는 책은 아니지만 소소한 상상력을 펼칠수 있습니다 베스트셀러가 되기엔 충분한 책입니다,고르다 이유 베스트셀러 저자 공대생 출신 이다 공대생 써다 보고 싶다 이분 읽다 보고 싶다 읽다 오다 닿다 않다 베스트셀러 싶다 틈틈하다 읽다 우리 일상 뻔하다 재임 분명하다 중간 이상 읽다 보다 평범하다 이야기 오히려 정말 팔다 착각 들다 평범하다 특별하다 소설 선호 아니다 재미 세계 상상 좋다 빨다 들어가다 아니다 소소하다 상상력 펼치다 베스트셀러 되다 충분하다 이다,5,Positive,2021-01-21,2021,1,Winter,351
큰 감동은 아니지만 소소한 에피소드 재미있게 읽었어요,크다 감동 아니다 소소하다 에피소드 재미있다 읽다,5,Positive,2021-01-19,2021,1,Winter,29
아직 못 읽어서 기대가 됩니다,아직 읽다 기대 되다,5,Positive,2021-01-17,2021,1,Winter,16
만족도에는 분명 개인차가 존재 하겠지만 저는 개인적으로 매우 만족했습니다 엄청난 교훈을 주지도 그렇다고 손에 땀을 쥐는 긴장감이나 신기함을 주는 책은 전혀 아니지만 그냥 잔잔한 그 느낌이 딱 이책의 무드 인 것 같아요 한 번쯤 해볼만한 상상 정말 우리가 꿈을 꾸는 과정이 이렇다면 어떨까라는 생각을 해보게 됐다는 것 자체가 매우 흥미로웠습니다 개인적으로 판타지 소설을 안좋아하는 편인데 이 정도의 힐링 판타지는 아주 쉽게 술술 읽힐 정도로 좋았네요 엄청난 긴장감 신기함을 원하시는 분이라면 만족이 안되실 수도 있지만 그냥 마음 편안히 쉽게 읽힐 책을 찾는 분이라면 추천드립니다,만족도 분명 개인 차갑다 존재 개인 매우 만족하다 엄청나다 교훈 주지 쥐다 긴장감 신기하다 주다 전혀 아니다 그냥 잔잔하다 느낌 무드 같다 해보다 상상 정말 우리 꾸다 과정 이렇다 어떻다 끄다 생각 해보다 돼다 자체 매우 흥미롭다 개인 판타지 소설 좋아하다 정도 힐링 판타지 아주 쉬다 술술 읽히다 정도 좋다 엄청나다 긴장감 신기하다 원하다 불다 만족 안되다 수도 그냥 마음 편안하다 쉬다 읽히다 찾다 불다 추천 드리다,5,Positive,2021-01-11,2021,1,Winter,322
주문하고 하루만에 배송되었구요 책상태 아주 깨끗합니다 받고서 바로 읽기 시작했는데 점점 빠져들기 시작해서 이틀만에 다 읽었어요 상상하는 재미도 있고 책은 읽고픈데 잘 안 봐지는 분들께 추천해드려요,주문 하루 배송 되어다 상태 아주 깨끗하다 받다 바로 읽다 시작 점점 빠져들다 시작 이틀 읽다 상상 재미 읽다 고프다 자다 보다 추천 해드리다,5,Positive,2021-01-10,2021,1,Winter,109
영화로 제작되면 개봉 당일 조조로 보고싶은 소설입니다 꿈이라는 존재에 대해 과학적 사실이 아닌 문학적 가설을 담고 있어요 책이 술술 잘 읽히고 내용도 너무나 흥미로워서 책을 계속 읽고 싶은 마음과 어서 잠에 들어서 꿈을 꾸고 싶다는 생각이 동시에 들게 하는 책이에요 잠들기 전에 읽기 딱 좋은 책이에요 한국인들이 쉽게 이해할 수 있는 이야기들이 담겨있고 동시에 판타지적 요소를 갖고 있어요,영화로 제작 되다 개봉 당일 조조 보다 소설 이다 존재 대해 과학 사실 아니다 문학 가설 담다 술술 자다 읽히다 내용 너무나 흥미롭다 계속 읽다 싶다 마음 어서 들어서다 꾸다 싶다 생각 동시 들다 잠들다 읽다 좋다 한국인 쉬다 이해 이야기 담기다 동시 판타지 요소 갖다,5,Positive,2021-01-09,2021,1,Winter,217
한번 잡으면 끝까지 보게 되는군요,한번 잡다 보다 되다,5,Positive,2021-01-06,2021,1,Winter,18
와우 한 페이지 한 페이지 넘길 때마다 작가의 기가 막힌 발상에 감탄 연발 중입니다 어떻게 꿈이라는 소재를 이렇게 디테일하게 연구하신건지 대단합니다 철두철미하게 플롯을 구성하신 것 같아요 아직 수수께끼 영역으로 남아 있는 인간의 꿈이라는 영역을 정말로 있음직하게 현실과 소설 속 세계관의 아귀가 딱딱 맞아 떨어지는 이야기로 엮었어요 이거 해리포터를 능가할 만큼 흥미진진한 소설입니다 작가님 천재 소설가이신 듯 이 소설의 좋은 영어번역서가 얼른 나와서 전세계인들이 이 매력 넘치는 소설을 즐길 수 있게 되기를 바랍니다 전세계적으로 해리포터 신드롬에 가까운 엄청난 반향을 일으키지 않을까 내심 기대해 봅니다 새벽에 소설 읽으며 혼자 감탄에 감탄을 연발하다가 이럴게 아니라 서평을 남겨 더 많은 사람들이 이 주옥같은 소설을 만날 수 있도록 일조하자 라는 생각이 들어 리뷰 남깁니다 어마어마한 리뷰 숫자를 보니 저처럼 달러구트 꿈 백화점의 매력에 푹 빠지신 독자분들이 많은 것 같네요 이런 재미있고 예쁘고 매력적인 소설을 만들어주신 작가님께 감사 드려요,와우 페이지 페이지 넘다 작가 막히다 발상 감탄 연발 이다 어떻다 소재 이렇게 디테 이다 연구 건지다 대단하다 철두철미 플롯 구성 같다 아직 수수께끼 영역 남아 인간 영역 정말로 직하다 현실 소설 세계관 아귀 맞다 떨어지다 이야기 엮었어 해리포터 능가 만큼 흥미진진 소설 이다 작가 천재 소설가 소설 좋다 어번 역서 얼른 나오다 전세계 매력 넘치다 소설 즐기다 되다 기르다 바라다 전세계 해리포터 신드롬 가깝다 엄청나다 반향 일으키다 않다 내심 기대하다 보다 새벽 소설 읽다 혼자 감탄 감탄 연발 이렇다 아니다 서평 남기다 많다 사람 주옥 같다 소설 만날 일조 생각 들다 리뷰 남기다 어마어마하다 리뷰 숫자 보다 달러 구트 백화점 매력 빠지다 독자 많다 같다 이렇다 재미있다 예쁘다 매력 소설 만들다 작가 감사 드리다,5,Positive,2021-01-05,2021,1,Winter,529
잠들기 전에 이 책을 읽었는데 읽는 동안 기분 좋게 잠들 수 있었어요,잠들다 읽다 읽다 동안 기분 좋다 잠들다,5,Positive,2021-01-05,2021,1,Winter,38
마지막 페이지를 덮으면서도 아직 꿈백화점에 있는 느낌이었다,마지막 페이지 덮다 아직 백화점 느끼다,5,Positive,2020-12-31,2020,12,Winter,32
298쪽이나 되는 책인데 이렇게 술술술 읽히다니 너무 신기했어요 너무 착 달라붙는 흡입력이 문어 빨판 같아서 좋았고 처음부터 끝까지의 내용을 보면 모든 것이 다 머릿속에 상상되는 섬세함이 신비로워서 진짜 멋있는 글을 본 것 같았어요 그리고 이 책이 왜 베스트셀러인지 알 만한 책이었고 계속 보고싶어지게 만드는 것같아요 저는 이 책을 시리즈로 출시했으면 좋겠다는 소망이 책을 다 고 들었는데 정말 다음 시리즈 나왔으면 좋겠어요 꿈을 사러온 손님들의 이야기도 재미있고 꿈 백화점에서 일하는 직원들이 이야기도 신선하고 에필로그이야기도 너무 재미있어서2020년의 좋은 추억으로 장식할 마지막 책이 된것 같아요,되다 이렇게 술술 읽히다 너무 신기하다 너무 달라붙다 흡입 문어 빨판 같다 좋다 처음 내용 보다 모든 머릿속 상상 되다 섬세하다 신비롭다 진짜 멋있다 보다 같다 베스트셀러 이다 계속 보다 만들다 같다 시리즈 출시 좋다 소망 들다 정말 다음 시리즈 나오다 좋다 사르다 손님 이야기 재미있다 백화점 직원 이야기 신선하다 에필로그 이야기 너무 재미있다 좋다 추억 장식 마지막 되다 같다,5,Positive,2020-12-31,2020,12,Winter,336
너무너무 재밌게 읽은책 잘 읽혀서 빨리 읽어버린게 아쉬운 책,너무 너무 재밌다 읽다 자다 읽히다 빨리 읽다 버리다 아쉽다,5,Positive,2020-12-30,2020,12,Winter,33
읽는동안 한 편의 동화를 읽은 것처럼 몽글몽글하고 따뜻해지는 기분이였어요 공감가는 문장도 많아서 작게 표시도 해놓을 정도로 좋았던 오래오래 기억에 남을책,읽다 동안 편의 동화 읽다 몽글몽글하다 따뜻하다 기분 이다 공감 가다 문장 많다 작다 표시 정도 좋다 오래오래 기억,5,Positive,2020-12-30,2020,12,Winter,85
오랜만에 재미있는 소설이었다 이렇게 독창적이면서도 밝은 소설이 좋다 작가의 상상력이 톡톡 튄다 요즘 미디어 시대에 소설이 설 자리가 있을까 했는데 역시 새로운 아이디어와 작품은 무한한가 보다 한국에서 조앤롤링같은 작가가 나오길 기대해 본다,재미있다 소설 이다 이렇게 독창 적다 밝다 소설 좋다 작가 상상력 톡톡 튀다 요즘 미디어 시대 소설 자리 역시 새롭다 아이디어 작품 무한 가다 보다 한국 조앤 롤링 같다 작가 나오다 기대하다 보다,5,Positive,2020-12-30,2020,12,Winter,133
연말에 마음이 어려지고 따듯해지는 책,연말 마음 어리다 따다 해지,5,Positive,2020-12-30,2020,12,Winter,20
청소년 뿐만 아니라 어른들을 위한 본격 힐링동화입니다 잠을 사랑하시는 분들 잠을 미뤄놓고 바쁜 일상을 사시는 분들 그를 아우르는 모든 부류의 사람들에게 상상 이상의 이야기를 풀어냅니다 또한 너무나 재미있고 가독성 좋게 작가님만의 꿈에 대한 아이디어와 힐링되는 이야기를 읽을 수 있어서 앉은 자리에서 하루 만에 다 읽었습니다 추천합니다 감사드려요,청소년 아니다 어른 본격 힐링 동화 이다 사랑 미루다 바쁘다 일상 사시 아우르다 모든 부류 사람 상상 이상 이야기 풀다 내다 또한 너무나 재미있다 가독성 좋다 작가 대한 아이디어 힐링 되다 이야기 읽다 앉다 자리 하루 읽다 추천 감사 드리다,5,Positive,2020-12-29,2020,12,Winter,192
아이가 정말 좋아하네요,아이 정말 좋아하다,5,Positive,2020-12-29,2020,12,Winter,12
평이 왜 극과 극인지 알겠어요 어디에서 본듯한 아닌듯한 글이라서 뒤의 내용이 예측이 가능해서 흥미가 떨어지네요,평이 인지 알다 어디 아니다 내용 예측 가능하다 흥미 떨어지다,4,Positive,2020-12-29,2020,12,Winter,61
꿈을 살수있다는 생각이 너무 기발하고 신선해요,살다 생각 너무 기발하다 신선하다,5,Positive,2020-12-26,2020,12,Winter,25
꿈에 대한 전혀 새로운 해석이 기발하고 재미있네요,대한 전혀 새롭다 해석 기발하다 재미있다,5,Positive,2020-12-26,2020,12,Winter,27
나도 꿈의 백화점에서 꿈을 주문할 수 있음 좋겠다,나다 백화점 주문 좋다,5,Positive,2020-12-23,2020,12,Winter,27
너무 재밌어요 세계관도 독특하고 어떻게 이런 이야기를 쓸 수 있었는지 작가님이 대단하다고 느꼈어요,너무 재밌다 세계관 독특하다 어떻다 이렇다 이야기 쓸다 작가 대단하다 느끼다,5,Positive,2020-12-23,2020,12,Winter,54
집에만 있기 심심하여 구입 평점이 좋아서 만족하며 읽고 있어요 어른들의 동화책 이말이 맞는듯 하네요,심심하다 구입 평점 좋다 만족하다 읽다 어른 동화책 맞다,5,Positive,2020-12-22,2020,12,Winter,55
오랫만에 동화같은 기분좋은 책을 읽었어요 연말에 그리고 잠들기전에 딱 읽기좋아요 기분 좋아지는 책이라 지인에게도 크리스마스 선물 했어요,동화 같다 기분 좋다 읽다 연말 잠들다 기전 읽다 좋다 기분 좋아지다 지인 크리스마스 선물,5,Positive,2020-12-22,2020,12,Winter,75
평소 경제 아니면 자기개발 서적을 주로 읽다가 소설이 읽고싶어 구매했습니다 오랜만에 재밌는 책 찾은 것 같아요 설렘소량,평소 경제 아니다 자기개발 서적 주로 읽다 소설 읽다 구매 재밌다 찾다 같다 설레다 소량,5,Positive,2020-12-20,2020,12,Winter,66
코로나시대 잠 잘자는것도 복 인것 같습니다 읽고 느낀것은 사람마다 다르겠지만 어른 소설을 이렇게도 쓸수 있구나 잠들기전에 자유로운 영혼으로 편안하게 읽고 있습니다,코로나 시대 자다 이다 같다 읽다 느끼다 사람 다르다 어른 소설 이렇다 쓸다 잠들다 기전 자유롭다 영혼 편안하다 읽다,4,Positive,2020-12-20,2020,12,Winter,90
책 내용이 귀여워서 읽는 내내 웃음이 피식 나오는 책 술술 읽혀서 좋았어요 꿈을 꾸고 일어날 때 마다 이 책이 생각날 것 같아요,내용 귀엽다 읽다 내내 웃음 피식 나오다 술술 읽히다 좋다 꾸다 일어나다 마다 생각나다 같다,5,Positive,2020-12-20,2020,12,Winter,71
흥미로운 소재의 이야기에요 연말에 힐링하기 좋으네요,흥미롭다 소재 이야기 연말 힐링 좋다,5,Positive,2020-12-19,2020,12,Winter,28
연말에 읽으면 좋을것 같아 취향이 비슷한 친구에게 선물하려고 한 권 더 샀어요 따뜻함과 위로 받는 기분이 들어서 좋았습니다,연말 읽다 좋다 같다 취향 비슷하다 친구 선물 사다 따뜻하다 위로 받다 기분 들어서다 좋다,5,Positive,2020-12-18,2020,12,Winter,68
내용은 잘읽혀어렵지 않지만 어딘가아쉽네요,내용 읽히다 어렵다 않다 어딘가 아쉽다,4,Positive,2020-12-18,2020,12,Winter,22
기대에 좀 못미치긴했지만 읽는 내내 술술 읽혔고 여러종류의 꿈에 대해 알수있었다,기대 미치다 읽다 내내 술술 읽히다 종류 대해 알다,5,Positive,2020-12-17,2020,12,Winter,44
기대치가 높았는지 기대치에는 못미치네요,치가 높다 대치 미치다,4,Positive,2020-12-17,2020,12,Winter,21
정말 꿈을 꾸면 이러한 세계가 존재할 것 같다는 생각이 들었던 소설이었어요,정말 꾸다 이러하다 세계 존재 같다 생각 들다 소설 이다,4,Positive,2020-12-15,2020,12,Winter,41
동화같이 가볍게 읽을 수 있는데 그안에서 많은 힐링 받았어요,동화 가볍다 읽다 많다 힐링 받다,5,Positive,2020-12-14,2020,12,Winter,33
실제로 어딘가 있을 것 만 같은 꿈 백화점 귀엽고 사랑스러운 책,실제 어딘가 같다 백화점 귀엽다 사랑스럽다,5,Positive,2020-12-13,2020,12,Winter,35
아이가 재밌대요,아이 재밌다 대요,5,Positive,2020-12-13,2020,12,Winter,8
저는 조금 유치하고 지루한 책이었습니다 약간 일본 소설 느낌이었고 훈훈한 이야기 인것 같은데 제 마음이 너무 찌들어버린 어른이 된걸까요 유치하고 흥미가 가지 않았어요 읭 그래서 하는 마음으로 읽었어요,조금 유치하다 지루하다 이다 약간 일본 소설 느끼다 훈훈하다 이야기 이다 같다 마음 너무 찌들다 버리다 어른 되다 걸다 유치하다 흥미 가지 않다 그래서 마음 읽다,3,Neutral,2020-12-12,2020,12,Winter,111
와 진짜 너무너무 재밌어요 책을 피고 끝까지 읽어보고 싶었던 것은 처음이에요 주변 지인들에게도 읽어보라고 추천해주고 싶은 책 이 책을 읽으니까 꿈에 대해서 또 진지하게 생각하게 되네요 오늘은 일찍 자야 될 것 같아요,오다 진짜 너무 너무 재밌다 피고 읽다 보고 싶다 처음 주변 지인 읽다 보라 추천 해주다 싶다 읽다 대해 진지하다 생각 되다 오늘 일찍 자다 되다 같다,5,Positive,2020-12-12,2020,12,Winter,120
달러구트를 읽으며 제가 있었으면 좋겠다고 믿는 허무맹랑한 세상이 또 생겨났지만 뭐 어때요 저는 저를 자유롭게 하는 것들에 집중하며 살고 싶은걸요,달러 구트 읽다 좋다 믿다 허무맹랑 세상 생겨나다 어떻다 자유롭다 집중 싶다,5,Positive,2020-12-10,2020,12,Winter,80
아직 읽어보지 않았지만 참신하게 재밌을것같아요,아직 읽다 보지 않다 참신하다 재밌다 같다,5,Positive,2020-12-10,2020,12,Winter,25
읽는 동안 기분 좋았습니당 읽고나서 드는 생각은 디즈니에서 영화로 만들어도 진짜 좋겠다 싶었어요,읽다 동안 기분 좋다 읽다 들다 생각 디즈니 영화로 만들다 진짜 좋다 싶다,5,Positive,2020-12-09,2020,12,Winter,53
가독성이 좋아서 금방 읽었습니다 책장이 끝을 향해 갈 떄 아쉬움이 많이 남았습니다 내용이 너무 좋고 꿈을 가진 사람이 많은 세상이었으면 좋겠습니다,가독성 좋다 금방 읽다 책장 갈다 아쉬움 많이 남다 내용 너무 좋다 가지다 사람 많다 세상 이다 좋다,5,Positive,2020-12-08,2020,12,Winter,81
정말로 오래만에 따뜻한 소설을 만났습니다 삶이 허전하거나 과거의 회한이 조금이라도 남아 있다면 이소설을 추천합니다 오늘이 지금이 밝아집니다,정말로 오래 따뜻하다 소설 만나다 허전하다 과거 회한 조금 남아 소설 추천 오늘이 지금 밝아지다,5,Positive,2020-12-08,2020,12,Winter,77
가볍고 가독성 좋으며 찡한 감동까지 오랜만에 재밌는 소설을 읽었어요 정주행 여러번해도 좋을 것 같아요,가볍다 가독성 좋다 찡하다 감동 재밌다 소설 읽다 주행 여러 번하다 좋다 같다,5,Positive,2020-12-07,2020,12,Winter,56
기분좋아지는 책입니다 마지막 부분에 너무 인상이 깊더라구요 인생에 만족하는 것도 방법이라는 말 그 전에 내가 노력해봤을까 생각하게되네요,기분 좋아지다 이다 마지막 부분 너무 인상 깊다 인생 만족하다 방법 노력 해봤다 생각 되다,5,Positive,2020-12-07,2020,12,Winter,75
처음에는 흥미진진한 이야기로 재미있어서 읽었는데 뒤에는 슬퍼서 너무 울어서 책이 다 젖었네요,처음 흥미진진 이야기 재미있다 읽다 슬프다 너무 울다 젖다,5,Positive,2020-12-06,2020,12,Winter,51
선물해드렸는데 좋아하셔서 덩달아 저도 읽고 싶은 책입니다,선물 해드리다 좋아하다 덩달아 읽다 싶다 이다,5,Positive,2020-12-05,2020,12,Winter,31
소설 잘 안읽었는데 인기많다기에 과거 현재 미래 중에 나는 어디에 속하려 하는 사람인지 생각해보게 합니다,소설 자다 읽다 인기 많다 과거 현재 미래 어디 사람 생각 해보다,5,Positive,2020-12-05,2020,12,Winter,58
한번 읽을만한 책 심심할때 좋으나 기대했던것보다 흥미롭지 않음 다읽은지 좀 됐는데 교훈이 생각나지 않는다 책 읽는데 속도 안나가는 사람한테 선물함,한번 읽다 심심하다 좋다 기대하다 흥미롭다 않다 읽다 돼다 교훈 생각나다 않다 읽다 속도 나가다 사람 선물,4,Positive,2020-12-05,2020,12,Winter,81
책을 거의 다 읽었을 때 쯤 다 읽었다는 것이 너무 아까워서 읽는것을 잠시 멈추었을 정도로 너무 재미있고 감동적인 작품 입니다 몰입도도 뛰어난 책이며 읽는 내내 다음 장면이 궁금하고 이번 장면이 소중하며 지나간 장면은 생생한 작품이었습니다 가장 인상깊었던 구절은 킥 슬럼버의 수상소감이었습니다 몰입감 재미 감동 추억 그 어느 하나도 놓치지 않았던 작품입니다,거의 읽다 읽다 너무 아깝다 읽다 잠시 멈추다 정도 너무 재미있다 감동 작품 이다 몰입도 뛰어나다 읽다 내내 다음 장면 궁금하다 이번 장면 소중하다 지나가다 장면 생생하다 작품 이다 가장 인상 깊다 구절 슬럼버 수상소감 이다 몰입 재미 감동 추억 어느 하나 놓치다 않다 작품 이다,5,Positive,2020-12-04,2020,12,Winter,199
창의적이고 기발하고도 가벼운 판타지 소설같아요 일상적인 꿈을 주제로 한 책이라 어렵지 않게 술술 읽을 수 있고 감동적이고도 흥미로운 책이었어요,창의 기발 가볍다 판타지 소설 같다 일상 주제 어렵다 않다 술술 읽다 감동 고도 흥미롭다 이다,5,Positive,2020-12-04,2020,12,Winter,79
새로운 세계로 떠나는 모험은 언제나 설레는 모험이다,새롭다 세계 떠나다 모험 언제나 설레다 모험,5,Positive,2020-12-03,2020,12,Winter,28
어른들을 위한 동화책 느낌으로 유쾌하게 읽었습니다,어른 동화책 느낌 유쾌하다 읽다,5,Positive,2020-12-02,2020,12,Winter,27
마음이 따뜻해지는 소설이네요 연말에 잘 어울리는,마음 따뜻하다 소설 연말 자다 어울리다,5,Positive,2020-12-02,2020,12,Winter,26
아직 읽어보진않았지만 다들 좋다고 하니 너무 기대돼요,아직 읽다 보다 않다 들다 좋다 하니 너무 기대 돼다,5,Positive,2020-11-30,2020,11,Fall,29
쉽게 읽히면서도 공감이 가는 부분이 있어 절로 웃음이 나오는 책이네요 뭔가 맘 한 켠이 따뜻해지는 느낌 원래 리뷰 안 쓰는 편인데 내용이 좋아서 다 읽기도 전에 한 번 써봤어요 암튼 추천드립니다,쉬다 읽히다 공감 가다 부분 절로 웃음 나오다 뭔가 켜다 따뜻하다 느낌 원래 리뷰 쓰다 내용 좋다 읽다 써다 보다 암튼 추천 드리다,5,Positive,2020-11-26,2020,11,Fall,108
어른들에게 다시 아이와 같은 상상의 나래를 꿈과 함께 펼칠수 있게하는 흥미로운 작품입니다,어른 다시 아이 같다 상상 나래 함께 펼치다 흥미롭다 작품 이다,5,Positive,2020-11-26,2020,11,Fall,49
잠들기전 저도 달러구트 꿈 백화점으로 가길 바라는 마음으로 재미있게 잘 읽었습니다,잠들다 기전 달러 구트 백화점 가다 바라다 마음 재미있다 자다 읽다,5,Positive,2020-11-26,2020,11,Fall,45
한국 소설도 이런 느낌을 낼 수 있다는 게 신기했고 제가 편견을 가지고 있었던 것 같아서 반성하게 됐습니다,한국 소설 이렇다 느낌 신기하다 편견 가지 같다 반성 돼다,5,Positive,2020-11-25,2020,11,Fall,59
꿈이라는 무난하며 누구나 겪어보는 꿈 이라는 이야기 주제로 임팩트 있는이야기 오자마자 정독함 사람들이 따뜻하다고 했는데 진짜 찐으로 따뜻함 온수매트보다 따뜻쓰,무난 누구 겪다 보다 이야기 주제 임팩트 이야기 자마자 정독 사람 따뜻하다 진짜 찌다 따뜻하다 매트 따다 쓰다,5,Positive,2020-11-24,2020,11,Fall,88
기발한생각을하셨어여 한번도생각해보지않았던 다른시점에서삶 을바라볼수있었습니다,기발하다 생각 한번 생각 해보다 않다 시점 바라보다,5,Positive,2020-11-24,2020,11,Fall,41
정말 재밌게 읽었어요 무조건 추천입니다 생각지못한 꿈에 대한 이야기,정말 재밌다 읽다 무조건 추천 이다 생각 대한 이야기,5,Positive,2020-11-24,2020,11,Fall,37
읽을 페이지가 얼마 안남은게 넘 아쉬웠던 괜시리 기분좋아지는 책 오랜만에 다 읽고서 마음이 포근해지는 책을 만났습니다,읽다 페이지 얼마 남다 넘다 아쉽다 괜시리 기분 좋아지다 읽다 마음 포근하다 만나다,5,Positive,2020-11-22,2020,11,Fall,65
재밌어요 자는 동안에 일어날 수 있는 일이라고 생각이 들면서 잘 때마다 나도 꿈 백화점에 가나 라고 생각을 하네요,재밌다 자다 동안 일어나다 일이 생각 들다 자다 나다 백화점 가나 생각,5,Positive,2020-11-22,2020,11,Fall,63
해리포터 이후에 오랫만에 아껴보게되네요,해리포터 이후 아끼다 보다 되다,4,Positive,2020-11-22,2020,11,Fall,21
책을 다 읽고난 뒤 한 편의 애니메이션 영화를 본 기분이 들었어요 각 캐릭터들의 이미지가 생생하게 펼쳐지는 따뜻한 소설,읽다 편의 애니메이션 영화 보다 기분 들다 캐릭터 이미지 생생하다 펼쳐지다 따뜻하다 소설,5,Positive,2020-11-21,2020,11,Fall,66
자기 전에 읽기 좋네요 마음이 따뜻해지는 책입니다,자기 읽다 좋다 마음 따뜻하다 이다,5,Positive,2020-11-20,2020,11,Fall,27
나도 들려봤겠지 기억을 못하는걸거야 데자뷰 나도 그런적이 있는데 오늘밤 나는 무슨꿈을 사게 될까 상상하고 있습니다,나다 들다 보다 기억 걸다 데자뷰 나다 오늘밤 사다 되다 상상,5,Positive,2020-11-20,2020,11,Fall,63
오랜만에 동심의 세계에 들어간거 같아서 너무 좋았습니다 내용도 너무 따뜻하고 꿈에 대해서 너무 귀엽고 새롭게 해석해서 신선했습니다 연말에 읽기 좋을거 같아요,동심 세계 들어가다 같다 너무 좋다 내용 너무 따뜻하다 대해 너무 귀엽다 새롭다 해석 신선하다 연말 읽다 좋다 같다,5,Positive,2020-11-20,2020,11,Fall,87
누구나 꾸는 남녀노소 누구라도 한번쯤 생각 해봤을 꿈이란 소재로 초반부터 몰입감이 좋네요 따뜻한 기분을 느낄수 있어서 좋았습니다,누구 꾸다 남녀 노소 누구 한번 생각 해봤다 소재 초반 몰입 좋다 따뜻하다 기분 느끼다 좋다,5,Positive,2020-11-20,2020,11,Fall,71
오랜만에 술술 잘 읽히는 소설이였어요,술술 자다 읽히다 소설 이다,5,Positive,2020-11-19,2020,11,Fall,20
흡입력이 있는 책이예요 자기 전에 조금씩읽잔 생각으로 샀는데 조금씩 자제가 안돼요 그만큼 뒷내용이 궁금해지고 재밌는 책입니다 약간 유치한것같은 그런 내용도 있긴 하지만 나름대로 동화같은 느낌도 있고 그러네요,흡입 자기 조금씩 읽다 생각 사다 조금씩 자제 돼다 그만큼 내용 궁금하다 재밌다 이다 약간 유치하다 같다 그렇다 내용 나름 동화 같다 느낌 그렇다,4,Positive,2020-11-19,2020,11,Fall,115
항상 꿈을 많이 꾸는 내가 이상하고 일어나면 좋지 않았는데 꿈 백화점을 읽은 후엔 어떤 꿈을 꿀지 설레게 되고 꿈 많이 꾸는 나를 긍정적으로 생각하게 되었다,항상 많이 꾸다 이상하다 일어나다 좋다 않다 백화점 읽다 어떻다 설레다 되다 많이 꾸다 나르다 긍정 생각 되어다,5,Positive,2020-11-19,2020,11,Fall,87
달러구트 꿈백화점 잠들면 기억하고 서둘러 가지만 꿈을 사고 잠에서 깨면 잊어버리는 그곳 달러구트 꿈 백화점에 페니는 면접을 보러 간다 여러 이야기를 하다 면접에서 붙었다 페니는 여러층을 돌아다니다 결국 1층에서 일하기로 한다 1번째 1층 매니저가 급한일이 생겨서 페니는 꿈값으로 받은 감정을 돈으로 바꾸로 간다 그러나 은행사기범으로 인해 100만원 가치의 감정을 도둑 맞는다 2번째 꿈제작자 들끼리 정기총회를 벌였다 문제는 고객들이 자는것보다 재밌는 일 때문에 자지않아서 꿈을 안사는것인데 달러구트의 그럼더 좋은꿈을 만들자는 의견으로 정기총회는 끝난다 3번째 연말을 맞아 최고의 꿈제작자를 뽑는 연말 시상식이 시작 되었다 그중 정기총회에서 동물들에게 다정하게 음식을 나눠준 반쵸가 최고의 꿈제작자로 뽑히자 왠지 모르게 페니는 기뻤다 이상 요약 끝,달러 구트 백화점 잠들다 기억 서두르다 가지 사고 깨다 잊어버리다 달러 구트 백화점 페니 면접 보다 간다 여러 이야기 면접 붙다 페니 돌아다니다 결국 매니저 급하다 일이 생기다 페니 꿈값 받다 감정 바꾸다 간다 은행 기범 인하다 가치 감정 도둑 맞다 제작자 들다 끼리 정기 총회 벌이다 문제 고객 자다 재밌다 때문 자지 않다 살다 달러 구트 그렇다 좋다 만들다 의견 정기 총회 끝나다 연말 맞다 최고 제작자 뽑다 연말 시상식 시작 되어다 그중 정기 총회 동물 다정하다 음식 나누다 가다 최고 제작자 뽑히다 왠지 모르다 페니 기쁘다 이상 요약,5,Positive,2020-11-19,2020,11,Fall,417
한달에 한번 제 자신에게 선물하는 책입니다,한번 자신 선물 이다,5,Positive,2020-11-19,2020,11,Fall,23
7월에1쇄를 찍은책이 10월에 110쇄를 찍었다는것을 보고 과연 어떤책이길래 하고 구매했다 기대가 너무 커 재미가 덜 할줄 알았는데 완독후 따뜻하고 행복감이 남는 책이었다 한번 더 읽어야겠다는 생각이 들었다 독특한 아이디어보다 우리의 일상을 반영해서 아쉽다는 생각도 들었지만 꿈도 우리의 일상이지 하며 작가의 의도가 이것인가라는 생각이 들었다,찍다 찍다 보고 과연 이기다 구매 기대 너무 크다 재미 알다 완독 따뜻하다 행복감 남다 이다 한번 읽다 생각 들다 독특하다 아이디어 우리 일상 반영 아쉽다 생각 들다 우리 일상 작가 의도 생각 들다,5,Positive,2020-11-18,2020,11,Fall,191
오랜만에 책 읽었는데 너무 따듯해지는 책이에요 요즘 외출도 잘 못하고 일하기도 싫고 재미도 없던 일상에 이 책을 읽으면서 흐뭇하게 미소 지으며 보게되네요 소름돋기도 하고 시련이나 악몽같던 꿈들이 트라우마 극복이나 자신감을 주는 내용은 제 무릎을 탁 치게 만듭니닿 이 책을 읽게 도와준 다른 평점의 글들과 작가님 고맙습니다,읽다 너무 따다 해지 요즘 외출 자다 싫다 재미 없다 일상 읽다 흐뭇하다 미소 지다 보다 되다 소름 돋다 시련 악몽 같다 트라우마 극복 자신감 주다 내용 무릎 닿다 읽다 도와주다 다른 평점 작가 고맙다,5,Positive,2020-11-17,2020,11,Fall,179
신선하고 마음이 풍성해져요 좋은꿈을 꾸고 싶어지네요,신선하다 마음 성하다 좋다 꾸다 싶다,5,Positive,2020-11-17,2020,11,Fall,28
도서관에서 인기가 많아 도저히 빌릴수가 없어 구매했어요,도서관 인기 많다 도저히 빌리다 없다 구매,5,Positive,2020-11-17,2020,11,Fall,30
겨울에 읽기좋은 따뜻한 내용이에요 좋은꿈꾸고싶다면얼른읽어보세요,겨울 읽다 좋다 따뜻하다 내용 좋다 꿈꾸다 얼른 읽다 보다,5,Positive,2020-11-16,2020,11,Fall,34
추천이 너무 많아서 기대하고 읽었는데도 정말 재밌고 신선하고 잘읽히고 최고에요,추천 너무 많다 기대하다 읽다 정말 재밌다 신선하다 읽히다 최고,5,Positive,2020-11-16,2020,11,Fall,43
조카 선물로 샀습니다 제 취향은 아니지만 재밌고 술술 읽혀요,조카 선물 사다 취향 아니다 재밌다 술술 읽히다,4,Positive,2020-11-16,2020,11,Fall,33
어른들을 위한 따뜻하고 아름다운 동화 한편 잘 읽었습니다,어른 따뜻하다 아름답다 동화 한편 자다 읽다,5,Positive,2020-11-15,2020,11,Fall,31
동화처럼 순수해요 상상력이 참 좋네요,동화 순수하다 상상력 차다 좋다,4,Positive,2020-11-15,2020,11,Fall,20
꿈속으로 향하는 여행같은 소설,꿈속 여행 같다 소설,4,Positive,2020-11-14,2020,11,Fall,16
잠들어야만 입장 가능한 꿈 백화점에서 일어나는 비밀스럽고도 기묘하며 가슴 뭉클한 판타지 소설,잠들다 입장 가능하다 백화점 일어나다 비밀스럽다 기묘하다 가슴 뭉클하다 판타지 소설,5,Positive,2020-11-11,2020,11,Fall,51
아직 읽지는 않았지만 기대가 되네요 잘 읽을게요,아직 읽다 않다 기대 되다 자다 읽다,5,Positive,2020-11-11,2020,11,Fall,26
꿈꾸고 싶어 지네요 몽환적이면서도 흥미를 유발하는 잼나는 책이네요,꿈꾸다 싶다 지네 몽환 적다 흥미 유발 재다,5,Positive,2020-11-11,2020,11,Fall,36
책을 펴고부터 닫는 순간까지 즐거웠고 따뜻했습니다 자기 전에 오늘은 무슨 꿈을 꾸게될까 기대하게되요 잠을 자는 일보다 더 즐거운 일이 이 책을 읽는 일이였습니다,펴다 닫다 순간 즐겁다 따뜻하다 자기 오늘 무슨 꾸다 되다 기대하다 자다 일보 즐겁다 읽다 일이 이다,5,Positive,2020-11-11,2020,11,Fall,89
너무 재밌게 잘 읽었어요 마음이 따뜻해지는 책이네요,너무 재밌다 자다 읽다 마음 따뜻하다,5,Positive,2020-11-10,2020,11,Fall,28
빠르게 줄어드는 남은 페이지들을 보며 계속 아쉬워하게 되는 그런 책이다,빠르다 줄어들다 남다 페이지 보다 계속 아쉽다 되다 그렇다,5,Positive,2020-11-10,2020,11,Fall,39
글 소재가 너무 기발하다 한국인이 쓴 헤리포터가 사는 세상같은 느낌 어른들을 위한 동화로 읽는 시간동안은 꿈을 꾸는듯한 휴식을 주기도 하는 책 영화나 드라마로 제작 안되나요,소재 너무 기발하다 한국인 쓸다 헤리포터 살다 세상 같다 느낌 어른 동화 읽다 시간 동안 꾸다 휴식 주기도 영화 드라마 제작 안되다,5,Positive,2020-11-10,2020,11,Fall,96
꿈 백화점이라는 신선한 소재에 사로잡혀 읽어보았는데 내내 행복했어요 이제 눈꺼풀이 무거워질 때면 꼭 그 곳에 가는 중일 것만 같아 설레게 되었네요 좋은 책을 써주신 작가님께 감사드립니다,백화점 신선하다 소재 사로잡히다 읽다 보다 내내 행복하다 이제 눈꺼풀 무겁다 가다 중일 같다 설레다 되어다 좋다 써주다 작가 감사 드리다,5,Positive,2020-11-10,2020,11,Fall,103
생각해보지 못했던 이야기라 흥미롭고 재밌어요,생각 해보다 이야기 흥미 재밌다,4,Positive,2020-11-09,2020,11,Fall,24
재밌어요,재밌다,5,Positive,2020-11-09,2020,11,Fall,4
생각이 참 기발한 것 같아요,생각 차다 기발하다 같다,5,Positive,2020-11-09,2020,11,Fall,15
꿈에 대해 이야기 하는 꿈 같은 이야기,대해 이야기 같다 이야기,5,Positive,2020-11-08,2020,11,Fall,21
꿈에 대한 상상력 가득한 시간이었습니다 오랜만에 즐거운 글 읽었네요 귀여운 주인공들 한동안 잊혀지지 않을듯,대한 상상력 가득하다 시간 이다 즐겁다 읽다 귀엽다 주인공 한동안 잊혀지다 않다,5,Positive,2020-11-07,2020,11,Fall,59
기대만큼은 아니고 스토리가 엄청 탄탄하거나 단한 결말이 있는건 아니지만 기발한 소재와 잘읽히는 문체가 좋았음,기대 아니다 스토리 엄청 탄탄하다 결말 아니다 기발하다 소재 읽히다 문체 좋다,4,Positive,2020-11-06,2020,11,Fall,60
인생책,인생,5,Positive,2020-11-06,2020,11,Fall,3
오늘 받아보았습니다 너무 기대됩니다 빨리 읽고나서 울 아들에게도 읽어보라 하려구요,오늘 받다 보다 너무 기대 되다 빨리 읽다 아들 읽다 보라,5,Positive,2020-11-06,2020,11,Fall,45
기대안하고 읽었는데 너무 재밌네요 꼭 읽어보세요,대안 읽다 너무 재밌다 읽다 보다,5,Positive,2020-11-06,2020,11,Fall,26
아직 다 안읽었지만 리뷰가 좋아 무척 기대됩니다,아직 읽다 리뷰 좋다 무척 기대 되다,5,Positive,2020-11-06,2020,11,Fall,26
중학생 아이가 좋아해요,중학생 아이 좋아하다,4,Positive,2020-11-05,2020,11,Fall,12
책을 읽으면서 그 마을에 온 것처럼 머리속이 풍부해지고 겨울느낌도 나면서 너무 좋았어요 마지막부분에서는 펑펑 울기도하고 마음 따뜻했던 책이였어요,읽다 마을 머리 속이다 풍부하다 겨울 느낌 나다 너무 좋다 마지막 부분 펑펑 기도 마음 따뜻하다 이다,5,Positive,2020-11-05,2020,11,Fall,80
어른들의 동화같은 이야기 읽는 내내 행복했습니다,어른 동화 같다 이야기 읽다 내내 행복하다,5,Positive,2020-11-05,2020,11,Fall,26
꿈을 꾸면 내가 느끼는 감정이 꿈백화점으로 가서 직원들이 유용하게 쓸지 궁금해지는 책이었다,꾸다 느끼다 감정 백화점 가다 직원 유용하다 쓸다 궁금하다 이다,5,Positive,2020-11-05,2020,11,Fall,50
자기 전 읽기 좋아요 캔들 켜놓고 자기전에 침대에서 읽으면 책의 내용이 더 흥미롭게 느껴집니다,자기 읽다 좋다 캔들 켜다 자다 침대 읽다 내용 흥미롭다 느껴지다,5,Positive,2020-11-05,2020,11,Fall,52
가볍게 읽기엔 슬프다,가볍다 읽다 슬프다,4,Positive,2020-11-05,2020,11,Fall,11
저녁시간에 읽으면 더 좋다 강추,저녁 시간 읽다 좋다 강추,5,Positive,2020-11-03,2020,11,Fall,17
포근하고 기분좋은 읽는 꿈,포근하다 기분 좋다 읽다,5,Positive,2020-11-03,2020,11,Fall,14
원래 소설책을 안 좋아하는데 이번에 끌려서 구매했어요 책도 가볍고 마음 비우고 가볍게 읽기 좋아요,원래 소설 좋아하다 이번 끌리다 구매 가볍다 마음 비우다 가볍다 읽다 좋다,5,Positive,2020-11-03,2020,11,Fall,54
어떻게 이런 생각을 했는지 보는 내내 미소가 지어지는 책이었다 힐링되는 에세이와는 또다른 힐링 훈훈한 책,어떻다 이렇다 생각 보다 내내 미소 지다 이다 힐링 되다 에세이 힐링 훈훈하다,5,Positive,2020-11-03,2020,11,Fall,58
상상만으로도 즐겁고 멋진 소설입니다,상상 즐겁다 멋지다 소설 이다,5,Positive,2020-11-03,2020,11,Fall,19
유명한 책이라 구입했는데 술술 읽혀요,유명하다 구입 술술 읽히다,5,Positive,2020-11-02,2020,11,Fall,20
정말 이 책을 읽은 동안 많은걸 상상하고 머릿속에서 황홀한 순간들이였던거같애요 주인공 페니가 너무 부럽고 행복해보였어요 달러구트의 꿈 백화점 두번째 이야기가 나오길 간절히 바랄게요,정말 읽다 동안 많다 상상 머릿속 황홀하다 순간 들이다 같다 주인공 페니 너무 부럽다 행복 해보다 달러 구트 백화점 두번째 이야기 나오다 간절하다 바라다,5,Positive,2020-11-02,2020,11,Fall,100
가슴이 콩당콩당,가슴 콩당콩당,5,Positive,2020-11-02,2020,11,Fall,8
술술 잘 읽히고 잠시 쉬어갈수 있는 책 입니다,술술 자다 읽히다 잠시 쉬다 갈수 이다,5,Positive,2020-11-01,2020,11,Fall,25
좋아요,좋다,5,Positive,2020-11-01,2020,11,Fall,3
겨우46쪽을 읽었을 뿐인데 재미있다 어떻게 이런 상상을 하지 싶다 평소 꿈을 자주 편이라 더 흥미로웠고 친구에게 선물 하고 싶다,겨우 읽다 재미있다 어떻다 이렇다 상상 싶다 평소 자주 편이 흥미롭다 친구 선물 싶다,5,Positive,2020-10-31,2020,10,Fall,71
재밌다는 얘기를 많이들어서 샀습니다 좋아요,재밌다 얘기 많이 들어서다 사다 좋다,5,Positive,2020-10-31,2020,10,Fall,23
청소년 소설 1위라 샀어요 역시네요 재밌어요,청소년 소설 사다 역다 재밌다,5,Positive,2020-10-31,2020,10,Fall,24
오랜만에 설레는 마음으로 구입했습니다,설레다 마음 구입,5,Positive,2020-10-29,2020,10,Fall,20
어떻게 이런 발상을 했는지 신기했고 마음이 따뜻해지는 책이에요청소년 도서라지만 어른들이 읽어도 좋네요,어떻다 이렇다 발상 신기하다 마음 따뜻하다 청소년 도서 라지 어른 읽다 좋다,5,Positive,2020-10-29,2020,10,Fall,56
뒤로 갈수록 감동이 와요,갈수록 감동 오다,4,Positive,2020-10-28,2020,10,Fall,13
추천 몱록이길래 함 읽어봤어요 음 생각을 하게되는거 같기도하고 먼가 동화같지만 동화같지 않은 내용이랄까,추천 몱록이길 읽다 보다 생각 되다 같다 기도 무엇 동화 같다 동화 같다 않다 용이 끄다,5,Positive,2020-10-28,2020,10,Fall,57
일찍 잠들고 싶은 생각이 들어요 그리고 악몽이나 좋지 않은 꿈을 꾸어도 뭔가 예전처럼 무섭거나 하지 않아여,일찍 잠들다 싶다 생각 들다 악몽 좋다 않다 꾸다 뭔가 예전 무섭다 않다,5,Positive,2020-10-27,2020,10,Fall,59
어른을 위한 달달한 동화책같아요 꿈많이꾸는 제가 혹시 밤마다 달러구트 꿈백화점에 다녀오는건 아닌지 아이같은 상상을 해봅니다,어른 달달 동화책 같다 많이 꾸다 혹시 달러 구트 백화점 다녀오다 아니다 아이 같다 상상 해보다,5,Positive,2020-10-27,2020,10,Fall,68
리뷰도 좋고 추천을 많이 받아서 구매했는데 좋네요 잘 읽히는 소설입니다,리뷰 좋다 추천 많이 받다 구매 좋다 자다 읽히다 소설 이다,5,Positive,2020-10-27,2020,10,Fall,39
간만에 마음이 따뜻해지는 뭉클한 책을 발견했네요 추천하고싶어요,간만 마음 따뜻하다 뭉클하다 발견 추천,5,Positive,2020-10-26,2020,10,Fall,34
마지막쯤에 너무 슬퍼서 진짜 울컥하고 꿈에 대해서 생각을 해보게되었고 달러구트라 꿈의 백화점이 있다면 가보고 싶은 느낌도 많이 들었고 여운이 많이 남는 책이다,마지막 너무 슬프다 진짜 울컥 대해 생각 해보다 되어다 달러 구트 백화점 가보다 싶다 느낌 많이 들다 여운 많이 남다,5,Positive,2020-10-26,2020,10,Fall,88
킥 슬럼버의 소감이 인상깊었던 소감을 다시읽고다시읽게됬습니다,슬럼버 소감 인상 깊다 소감 다시 읽다 읽다 되다,5,Positive,2020-10-26,2020,10,Fall,33
일단 책의 소재가 신선해서 초반부부터 술술 잘 읽혔고 한번 읽기 시작하니 멈출 수가 없더라구요 너무 재밌게 잘 읽혔던 책,일단 소재 신선하다 초반 술술 자다 읽히다 한번 읽다 시작 멈추다 수가 없다 너무 재밌다 자다 읽히다,5,Positive,2020-10-26,2020,10,Fall,67
술술 읽혔고 보는 내내 설레이게 읽었어요,술술 읽히다 보다 내내 설레다 읽다,5,Positive,2020-10-25,2020,10,Fall,22
소재가 신선하네요 그리고 자극적인 내용없이도 재미도 있고 여운도 있네요,소재 신선하다 자극 내용 없다 재미 여운,5,Positive,2020-10-24,2020,10,Fall,39
되게 오랜만에 푹 빠져서 읽은 책이에요,되게 빠지다 읽다,5,Positive,2020-10-24,2020,10,Fall,21
우연히 인터넷 보다가 책을 구입해서 읽었는데 재미있어 슬슬 잘 읽혔다 재미지게,우연히 인터넷 보다 구입 읽다 재미있다 슬슬 자다 읽히다 재미 지게,4,Positive,2020-10-24,2020,10,Fall,43
아껴서 읽는 중입니다,아끼다 읽다 이다,5,Positive,2020-10-23,2020,10,Fall,11
이 책을 읽으면 기분이 좋아요 아무도 없는 새벽에 읽으면 몰입이 더 잘되는 느낌,읽다 기분 좋다 아무 없다 새벽 읽다 몰입 되다 느낌,5,Positive,2020-10-23,2020,10,Fall,44
아이가 읽고싶다고 해서 사줬는데 글밥이 제법 있어서 3학년아이가 읽기 힘들까도 싶었어요 재미있다네요 저도 읽어보려구요,아이 읽다 사주다 글밥 제법 학년 아이 읽다 힘들다 싶다 재미있다 읽다 보다,4,Positive,2020-10-23,2020,10,Fall,65
예쁜 동화같은 소설이네요 애니메이션으로 제작해도 손색이 없어 보입니다,예쁘다 동화 같다 소설 애니메이션 제작 손색 없다 보이다,5,Positive,2020-10-22,2020,10,Fall,38
정말 가볍게 잘읽히기는 해요 평들이 너무 좋아서 너무 기대했는지 기대보다는 못미치는거 같아요 평소에 무거운느낌의 책읽는걸 부담스러워하시는 분들은 읽기 좋을거 같네요,정말 가볍다 읽히다 기다 너무 좋다 너무 기대하다 기대 미치다 같다 평소 무겁다 느낌 읽다 부담스럽다 읽다 좋다 같다,4,Positive,2020-10-22,2020,10,Fall,91
올해 읽은 책중에 가장 마음이 따뜻해지는 책이었습니다,올해 읽다 가장 마음 따뜻하다 이다,5,Positive,2020-10-21,2020,10,Fall,29
좋아요,좋다,5,Positive,2020-10-21,2020,10,Fall,3
한국판 해리포터를 만난 기쁨을 준 올해의 인생 책,한국판 해리포터 만난 기쁨 올해 인생,5,Positive,2020-10-19,2020,10,Fall,27
매장에서 서서 읽다가 뒷이야기가 궁금해서 산책,매장 서서 읽다 뒷이야기 궁금하다 산책,4,Positive,2020-10-19,2020,10,Fall,25
아직 읽어보진 않았지만 힐링될 것 같아서 기대되요,아직 읽다 보다 않다 힐링 되다 같다 기대다,5,Positive,2020-10-19,2020,10,Fall,27
책을 읽었지만 잘 만들어진 영화를 본 듯한 따뜻한 느낌 꿈에대한 신선한 아이디어가 환상의 세계로 이끈다,읽다 자다 만들어지다 영화 보다 따뜻하다 느낌 대한 신선하다 아이디어 환상 세계 이끌다,5,Positive,2020-10-19,2020,10,Fall,57
너무 좋아요 요즘처럼 추운계절에 마음이 따뜻해지는 책이네요,너무 좋다 요즘 추다 계절 마음 따뜻하다,5,Positive,2020-10-19,2020,10,Fall,32
즐거운 마음으로 재밌게 읽었습니다 꿈속에서 저도 달러구트 꿈의 백화점에 가보고 싶어지네요,즐겁다 마음 재밌다 읽다 꿈속 달러 구트 백화점 가보다 싶다,5,Positive,2020-10-19,2020,10,Fall,49
저 진짜 리뷰 잘 안쓰는데 이건 쓰게 만드네요 저는 책 진짜 흠나는거 엄청 싫어하는데 택배 아저씨들도 픽픽 던지고 배송 중에 다 찍혀서 왔네요 보내실 때는 말짱했을텐데 봉투 안에 완충재로 포장된 것도 아니고 달랑 책만 보내니 흠나는거겠죠 주의스티커를 붙여고 포장 잘 해주시면 좋겠어요 앞으로 계속 이곳에서 책 사려고 하는 사람으로서 부탁입니다,진짜 리뷰 자다 쓰다 쓰다 진짜 늘다 엄청 싫어하다 택배 아저씨 픽픽 던지다 배송 찍히다 오다 보내다 말짱하다 봉투 완충 포장 되다 아니다 달랑 보내다 늘다 주의 스티커 붙이다 포장 자다 해주시 좋다 계속 사려 사람 부탁 이다,4,Positive,2020-10-18,2020,10,Fall,191
재미있어요 어른을 위한 선물입니다,재미있다 어른 선물 이다,5,Positive,2020-10-18,2020,10,Fall,18
상상하면서 빠져들어 읽게 돼요 너무너무 재밌어요,상상 빠져들다 읽다 돼다 너무 너무 재밌다,5,Positive,2020-10-18,2020,10,Fall,26
재미있다고 잘 읽네요 식구 모두 잘 읽을 수 있는 책 오랫만입니다,재미있다 자다 읽다 식구 모두 자다 읽다 이다,5,Positive,2020-10-18,2020,10,Fall,36
달러구트백화점에 매일 밤 들러서 제작자들의 모든 꿈을 다시 꾸고 싶네요 제가 꾸던 꿈들이 여기에 대부분 나오는데 달러구트 꿈백화점에 나도 모르게 다녀왔었구나 환상적입니다,달러 구트 백화점 매일 들다 제작자 모든 다시 꾸다 싶다 꾸다 여기 대부분 나오다 달러 구트 백화점 나다 모르다 다녀오다 환상 이다,5,Positive,2020-10-18,2020,10,Fall,94
어른들이 읽기에 너무 좋은 힐링서네요 추천합니다,어른 읽다 너무 좋다 힐링 서다 추천,5,Positive,2020-10-17,2020,10,Fall,26
아이가 처음에 두껍다고 중얼중얼 하더니 앞부분 좀 넘기더니 재밌다고 잘 읽네요,아이 처음 두껍다 중얼중얼 부분 넘기다 재밌다 자다 읽다,5,Positive,2020-10-16,2020,10,Fall,43
술술 잘 읽히는 책 크게 무거운 내용이 없는데 내가 당연하게 여기고 쉽게 지나쳐 간 것들에 대해 다시 생각해보게 만든다 매일의 일상이 퇴근 후 자유시간을 늘리고자 어떻게든 잠들지 않고 오래 버텨보려다 다음날 좀비처럼 출근 또 퇴근 의 반복 이 책을 읽고 잠드는 시간이 아깝지 않게 느껴졌다 드라마 하나를 봐도 혹시 이 내용이 오늘 꿈에 나오지는 않을까 순간순간 조금 더 긍정적인 생각을 해보자 하고 설레는 상상을 하게 되었다,술술 자다 읽히다 크게 무겁다 내용 없다 당연하다 여기 쉬다 지나치다 대해 다시 생각 해보다 만들다 매일 일상 퇴근 자유시간 늘리다 잠들다 않다 오래 버티다 보다 다음 좀비 출근 퇴근 반복 읽다 잠들다 시간 아깝다 않다 느껴지다 드라마 하나 보다 혹시 내용 오늘 나오다 않다 순간 순간 조금 긍정 생각 해보다 설레다 상상 되어다,5,Positive,2020-10-16,2020,10,Fall,237
오우 대박 외국유명작가가 쓴듯한느낌입니다 진짜 잘읽히고 재밋네요 대박,오우 대박 외국 유명 작가 쓸다 느낌 이다 진짜 읽히다 재밌다 대박,5,Positive,2020-10-16,2020,10,Fall,38
성인들이 읽어도 괜찮은 동화같아요 마음 따뜻해지네요,성인 읽다 괜찮다 동화 같다 마음 따뜻하다,5,Positive,2020-10-16,2020,10,Fall,28
어른들이 읽으면 좋을 판타지 책이라는 말이 딱 적절한 책이에요 흥미진진한 이야기 전개탓에 몰입해서 순식간에 읽었습니다 추천해요,어른 읽다 좋다 판타지 적절하다 흥미진진 이야기 전개 몰입 순식간 읽다 추천,5,Positive,2020-10-16,2020,10,Fall,70
반지의제왕 호빗 해리포터 나니아연대기 등 판타지를 좋아하고 원래 책을 잘 못읽는데 너무 재밌어요 진짜 꿈꾸는게 기대될정도네요,반지의제왕 호빗 해리포터 나니아 연대기 판타지 좋아하다 원래 자다 읽다 너무 재밌다 진짜 꿈꾸다 기대 되다 정도,5,Positive,2020-10-15,2020,10,Fall,69
정말 오랫만에 재미있게본 소설책 매일밤마다 어떤꿈을 꾸게될지 왠지 나도모르게 기대하게된다,정말 재미있다 보다 소설 일밤 꾸다 되다 왠지 나다 모르다 기대하다 되다,5,Positive,2020-10-15,2020,10,Fall,49
재밌고 슬프고 감동적이고,재밌다 슬프다 감동,5,Positive,2020-10-15,2020,10,Fall,13
소재가 너무 신선하고 재밌어요 판타지 소설 오랜만에 읽는데 괜히 설레고 상상하면서 읽는 재미가 있네요,소재 너무 신선하다 재밌다 판타지 소설 읽다 괜히 설레다 상상 읽다 재미,5,Positive,2020-10-14,2020,10,Fall,56
책을 다 읽고 빨리 잠이들어 꿈을 꾸고 싶었어요한국소설중 보기드믄 참신하고 상상력이 풍부한 판타지 소설이었습니다 세계관도 탄탄하고 재미와 감동도 있고 작가님의 다음 차기작도 빨리 만나보고 싶어요,읽다 빨리 들다 꾸다 싶다 한국 소설 보기 드믄 참신하다 상상력 풍부하다 판타지 소설 이다 세계관 탄탄하다 재미 감동 작가 다음 차기작 빨리 만나다 보고 싶다,5,Positive,2020-10-14,2020,10,Fall,108
너무 재밌어요 마음에 들어요,너무 재밌다 마음 들다,5,Positive,2020-10-14,2020,10,Fall,15
언젠가 한번쯤 상상해봤었던 그런이야기이다 그리고 어딘가에 아마도 이런 백화점이 있지 않을까 하는 생각이 든다,언젠가 한번 상상 해봤다 이야기 어딘가 아마도 이렇다 백화점 않다 생각 들다,5,Positive,2020-10-13,2020,10,Fall,60
소개글대로 힐링 판타지였습니다 힐링만이라면 식상하겠지만 설정이 재밌어서 잘 읽었어요 후속작이 꼭 나왔으면 좋겠어요,소개 힐링 판타지 이다 힐링 라면 식상하다 설정 재밌다 자다 읽다 후속작 나오다 좋다,5,Positive,2020-10-12,2020,10,Fall,63
소설을 좋아하지 않지만 베스트셀러여서 큰 기대없이 읽었지만 엄청나게 몰입해 순식간에 읽었습니다 소재도 흥미롭고 재미있어요,소설 좋아하다 않다 베스트셀러 크다 기대 없이 읽다 엄청나다 몰입 순식간 읽다 소재 흥미 재미있다,5,Positive,2020-10-12,2020,10,Fall,67
읽을수록 점점 빠져들고 몰입도가 엄청 좋아요 평소 판타지 장르를 좋아하는 저는 너무 재미있었어요 마음이 몽글몽글해지고 잠이들면 진짜 있을거같은 꿈 백화점 저도 한번 가보고 싶어요 강추에요,읽다 점점 빠져들다 몰입도 엄청 좋다 평소 판타지 장르 좋아하다 너무 재미있다 마음 몽글몽글하다 들다 진짜 같다 백화점 한번 가보다 싶다 강추,5,Positive,2020-10-11,2020,10,Fall,104
작가분께 너무너무 감사한 마음을 전하고 싶은 책입니다 정말 오랜만에 위로받는 기분으로 그리고 따뜻한 마음으로 책을 드라마 보듯 봤어요 자기 전에 읽다가 자면 그렇게 이불속이 따뜻할 수가 없어요 다 읽고 나서도 읽고 또 읽을 책입니다,작가 너무 너무 감사하다 마음 전하 싶다 이다 정말 위로 받다 기분 따뜻하다 마음 드라마 보다 보다 자기 읽다 자다 그렇게 이불 속이다 따뜻하다 수가 없다 읽다 나서다 읽다 읽다 이다,5,Positive,2020-10-11,2020,10,Fall,129
너무 잘 읽히고 재미있습니다 소설책 읽는 걸 좋아해서 어떤 책을 살까 고민하다 베스트셀러에 있고 다들 재미있게 읽었다는 리뷰를 보고 구매하게 되었어요 그런데 진짜 너무 흥미로운 소재로 이야기를 잘 이끌어 가는 느낌이었어요 책 내용을 영상으로 만들어도 정말 좋을 만한 소재였어요 아직 끝까지는 읽지 않았지만 하루만에 다 읽을 거 같아요,너무 자다 읽히다 재미있다 소설 읽다 좋아하다 어떻다 살다 고민 베스트셀러 들다 재미있다 읽다 리뷰 보고 구매 되어다 진짜 너무 흥미롭다 소재 이야기 자다 이끌다 가다 느끼다 내용 영상 만들다 정말 좋다 소재 이다 아직 읽다 않다 하루 읽다 같다,5,Positive,2020-10-09,2020,10,Fall,186
지금 읽고 있는 중 오랫만에 읽어보는 장르 소설이다 에세이 그리고 소설은 잘 읽지 않는 편 그러나 이책은 궁금하고 읽어 보고 싶었슴,지금 읽다 읽다 보다 장르 소설 에세이 소설 자다 읽다 않다 궁금하다 읽다 보고 싶었슴,4,Positive,2020-10-08,2020,10,Fall,73
꿈을 꾸고 싶다고 생각하게 만든 책 잠자기 전 한 챕터씩 읽으면 휴대폰 보는 것보다 훨씬 재밌다고 느낄 책,꾸다 싶다 생각 만들다 잠자다 채다 읽다 휴대폰 보다 훨씬 재밌다 느끼다,5,Positive,2020-10-08,2020,10,Fall,59
기대됩니다,기대 되다,4,Positive,2020-10-05,2020,10,Fall,5
꿈을 자주꾸는데 꿈으로 이런 재밌는 이야기를 만들어내다니 누구나 생각할것같지만 또 그렇지도 않아서 너무 재밌게 읽었어요,자주 꾸다 이렇다 재밌다 이야기 만들다 누구 생각 같다 그렇다 않다 너무 재밌다 읽다,5,Positive,2020-10-05,2020,10,Fall,66
이 책을 읽고 꿈꾸니까 꿈백화점에서 뭘 골라왔길래 이런꿈을 꿨을까 하는 생각이 드네요 마음이 따뜻해지는 책입니다,읽다 꿈꾸다 백화점 고르다 오다 끄다 생각 드네 마음 따뜻하다 이다,5,Positive,2020-10-05,2020,10,Fall,62
너무 재밌게 안쉬고 봤어요 부끄럽지만 정말 오랜만에 책을 읽었어요 근데 이렇게 숨도 안쉬고 후다닥 본건 더더욱 오랜만이네요 글의 묘사들이 머리속 그림을 채우면서 눈과 귀가 같이 움직임을 느꼈어요 너무 재밌게 봐서 이책을 만든 분들에게도 힘되고 싶어 안하던 후기를 어떻게든 쓰려고 왔네요 책 묘사가 지구상은 아닌듯 해요 하지만 저는 한국과 영국 프랑스 등등을 짜집어가면서 그림을 그려 읽어 갔더니 집에서 여행도 갔다 왔어요 전 학창시절에 해리포터를 보다 큰 30대 여성이에요 너무너무 푹빠졌었는데 오랜만에 다시 주인공이 된 기분을 느꼈어요 덕분에 즐거운 여행한 기분이에요 많은사람들이 이책을 읽고 힘이 났으면 좋겠네요 작가님 흥하세요,너무 재밌다 쉬다 보다 부끄럽다 정말 읽다 근데 이렇게 숨다 쉬다 후다닥 보다 더욱 만이 묘사 머리 그림 채우다 귀가 같이 움직임 느끼다 너무 재밌다 보다 만들다 되다 싶다 후기 쓰다 오다 묘사 지구 아니다 한국 영국 프랑스 등등 짜지다 그림 그리다 읽다 가다 여행 가다 오다 학창시절 해리포터 보다 크다 대다 여성 너무 너무 빠지다 다시 주인공 되다 기분 느끼다 덕분 즐겁다 여행 기분 많다 사람 읽다 나다 좋다 작가,5,Positive,2020-10-05,2020,10,Fall,353
오랜만에 신선한 소재의 책을 읽게 되었는데 넘 재밌어요,신선하다 소재 읽다 되어다 넘다 재밌다,5,Positive,2020-10-04,2020,10,Fall,30
상상의 나래를 펼치게 되요 너무 아름답고 재밌었어요 아주 순식간에 읽히구요,상상 나래 펼치다 되다 너무 아름답다 재밌다 아주 순식간 읽히다,5,Positive,2020-10-04,2020,10,Fall,41
한번에 읽었어요 어렵고 심오한 내용없이 읽기편하고 흥미로운 소설이예요 페이지 8쪽정도가 인쇄 누락되었는데 교환하기가 어려운 섬에 살고있어서 패스합니다,한번 읽다 어렵다 심오하다 내용 없이 읽다 편하다 흥미롭다 소설 페이지 정도 인쇄 누락 되어다 교환 어렵다 살다 패스,4,Positive,2020-10-04,2020,10,Fall,83
자기계발서보다 멋진소설책한권이 울림이 더 큰것같아요 작가님 잘읽었습니다,자기계발 보다 멋지다 소설 울림 크다 같다 작가 읽다,5,Positive,2020-10-03,2020,10,Fall,39
아직 얼마 읽지는 않았지만 술술 잘 읽히네요 그만큼 재밌습니다,아직 얼마 읽다 않다 술술 자다 읽히다 그만큼 재밌다,5,Positive,2020-09-29,2020,9,Fall,34
영화로 만나보고 싶을정도로 한번에 정독했습니다 문득 누구나 한번은 생각했던 생각들이 신선함과 신비로움으로 다가오는데 쉽게 빠져나오질 못했어요 너무 재밋게 잘 읽었습니다,영화로 만나다 보고 싶다 정도 한번 정독 문득 누구 한번 생각 생각 신선하다 신비 로움 다가오다 쉬다 빠져나오다 너무 재밌다 자다 읽다,5,Positive,2020-09-21,2020,9,Fall,93
중간에 읽다가 너무 재밌어서 리뷰쓰러왔어요 실은 사은품 받으려고 산 책이었는데 너무너무 마음에 들었어요 초등학교때 다독상을 받게 만든 모험 시리즈 소설이 있었는데 그걸 읽을때의 기분이 들어요 후기에 호그와트 이야기가 많이 나오는데 해리포터를 아직 안읽은 입장에서 해리포터가 이 만큼 재밌으면 볼만하겠다는 생각이 들어요,중간 읽다 너무 재밌다 리뷰 쓰다 오다 사은 받다 이다 너무 너무 마음 들다 초등학교 다독 받다 만들다 모험 시리즈 소설 그걸 읽다 기분 들다 후기 호그와트 이야기 많이 나오다 해리포터 아직 읽다 입장 해리포터 만큼 재밌다 생각 들다,5,Positive,2020-09-17,2020,9,Fall,177
꿈이 없는 자에게도 꿈 을 꿀 수 있는 기회를 주는 책,없다 기회 주다,5,Positive,2020-09-11,2020,9,Fall,30
오랜만에 기발한 내용의 책을 읽게되어 기분좋습니다 내용도 어렵지않아 쉽게 읽히고요,기발하다 내용 읽다 되어다 기분 좋다 내용 어렵다 않다 쉬다 읽히다,5,Positive,2020-08-28,2020,8,Summer,45
아직 다 안 읽었는데 너무 잘 읽히고 정말 독특한 소재인 것 같아요 너무 재밌어서 공부하다 쉬는 시간에 폰도 안 하고 이 책을 들여다 봅니다,아직 읽다 너무 자다 읽히다 정말 독특하다 소재 같다 너무 재밌다 공부 쉬다 시간 들이다 보다,5,Positive,2020-08-27,2020,8,Summer,78
오랜만에 읽은 책인데 재밌게 봤어요,읽다 재밌다 보다,5,Positive,2026-01-01,2026,1,Winter,19
꿈에대해서 이런글을 쓸수있다니 너무 잼있고 흥미로워요 읽는데 시간가는줄 몰라요,대해 쓸다 너무 재다 흥미롭다 읽다 시간 가다 모르다,5,Positive,2025-12-31,2025,12,Winter,43
진짜 어른을 위한 동화 같은 느낌이에요 마지막 에피소드에서 눈물을 흘렸답니다 2편도 기대 돼용,진짜 어른 동화 같다 느낌 마지막 에피소드 눈물 흘리다 편도 기대 돼다,5,Positive,2025-12-28,2025,12,Winter,52
상상력이 엄청 풍부하고 세계관이 꽤 흥미로워서 볼만했던거 같습니다,상상력 엄청 풍부하다 세계관 흥미롭다 같다,5,Positive,2025-12-18,2025,12,Winter,36
빠른 배송 감사합니다,빠르다 배송 감사하다,5,Positive,2025-11-02,2025,11,Fall,11
재밌어요 아이도 함께 보아야 겠어요,재밌다 아이 함께 보아 겠다,5,Positive,2025-10-23,2025,10,Fall,19
감사합니다 추천해요,감사하다 추천,5,Positive,2025-09-06,2025,9,Fall,10
판타지 소설의 진수를 볼 수 있어요,판타지 소설 진수,5,Positive,2025-08-28,2025,8,Summer,19
딸이 읽어보고 재밋었다고해서 소장각으로 구매했네요,읽다 보고 재밌다 장각 구매,5,Positive,2025-08-04,2025,8,Summer,27
너무 멋있는 소설이에요 간만에 재밌게 읽었습니다,너무 멋있다 소설 간만 재밌다 읽다,5,Positive,2025-08-01,2025,8,Summer,26
딸이 좋아해요 어른이봐도 재미있을것 같아요,좋아하다 어른 보다 재미있다 같다,5,Positive,2025-07-17,2025,7,Summer,23
시간이 지났는데도 아이가 갖고 싶어 합니다,시간 지나다 아이 갖다 싶다,5,Positive,2025-07-12,2025,7,Summer,23
재미있어요 추천합니다,재미있다 추천,5,Positive,2025-06-21,2025,6,Summer,11
추천받아 구매했어요 잘 읽을게요,추천 받다 구매 자다 읽다,5,Positive,2025-05-31,2025,5,Spring,17
기대됩니다 잘 읽을게요,기대 되다 자다 읽다,5,Positive,2025-05-21,2025,5,Spring,12
저도 달러구트 꿈 백화점에 갈 수 있기를 빌며 잠을 청해봅니다,달러 구트 백화점 갈다 빌다 해보다,5,Positive,2025-04-18,2025,4,Spring,34
넘 재미있는 책 입니더,넘다 재미있다 이다,5,Positive,2025-03-12,2025,3,Spring,12
유명한 이유가 있네요 초5아이가 읽는데도 좋아합니다,유명하다 이유 아이 읽다 좋아하다,5,Positive,2025-03-10,2025,3,Spring,28
아이가 너무 재밌어해요,아이 너무 재밌다,5,Positive,2025-03-06,2025,3,Spring,12
중딩 권장도서라 구매했네요 열씸 읽도록 하겠습니다,중딩 권장 도서 구매 열심 읽다,5,Positive,2025-02-19,2025,2,Winter,27
마음이 몽글몽글해지는 책이에요,마음 몽글몽글하다,5,Positive,2025-02-13,2025,2,Winter,16
동화같은 설정으로 재밌습니다,동화 같다 설정 재밌다,5,Positive,2025-02-10,2025,2,Winter,15
책이 좀 어렵긴 한데 계속 읽다보니 재미있었어요,어렵다 계속 읽다 보다 재미있다,5,Positive,2025-02-02,2025,2,Winter,26
힐링 되는 이야기들로 가득 차 있어서 좋아요,힐링 되다 이야기 가득 좋다,5,Positive,2025-01-28,2025,1,Winter,24
아이가 재미있어해요,아이 재미있다,5,Positive,2025-01-14,2025,1,Winter,10
24년 마지막을 꿈백화점과 한께 하겠습니다,마지막 백화점,5,Positive,2024-12-29,2024,12,Winter,23
추천받아 구매했습니다,추천 받다 구매,5,Positive,2024-12-28,2024,12,Winter,11
꿈을 사고 파는얘기 생각도 못한 전개에 재미는 플러스,사고 팔다 얘기 생각 전개 재미 플러스,5,Positive,2024-12-26,2024,12,Winter,29
중학교 1학년 딸아이가 읽고 좋아하네요,중학교 학년 딸아이 읽다 좋아하다,5,Positive,2024-12-21,2024,12,Winter,21
재미밌어요 흥미진진합니다,재미 흥미진진,5,Positive,2024-12-20,2024,12,Winter,13
책이 엄청 잘 읽혀요 너무 빨리 읽어서 아까워요 잔잔하고 힐링도 되고 재미있어요,엄청 자다 읽히다 너무 빨리 읽다 아깝다 잔잔하다 힐링 되다 재미있다,4,Positive,2024-12-10,2024,12,Winter,44
재미있게 잘 읽었습니다,재미있다 자다 읽다,5,Positive,2024-12-10,2024,12,Winter,12
재미있게 볼수 있어서 아주 만족스럽네요,재미있다 보다 아주 만족스럽다,5,Positive,2024-11-14,2024,11,Fall,21
시간가는지 모르고 읽었어요,시간 가다 모르다 읽다,5,Positive,2024-10-12,2024,10,Fall,14
아이가 정말 좋아합니다 다음편도 기대합니다,아이 정말 좋아하다 다음 편도 기대하다,5,Positive,2024-09-27,2024,9,Fall,23
마음이 예뻐지는 책,마음 예쁘다,5,Positive,2024-09-27,2024,9,Fall,10
꿈에 대해서 다시 생각해 보게 되는,대해 다시 생각 보다 되다,5,Positive,2024-09-24,2024,9,Fall,19
바쁜 일상생활 속 이 책을 읽으면서 잠깐 쉬어갈 수 있어 좋았다 눈물 흘릴 뻔,바쁘다 일상생활 읽다 잠깐 쉬다 갈다 좋다 눈물 흘리다,5,Positive,2024-09-11,2024,9,Fall,43
추천해요 감사합니다,추천 감사하다,5,Positive,2024-09-09,2024,9,Fall,10
좋아요 힐링돼요,좋다 힐링 돼다,5,Positive,2024-09-07,2024,9,Fall,8
유익하고 재밌어요,유익하다 재밌다,5,Positive,2024-08-25,2024,8,Summer,9
내안에쉼을주는귀한시간을선물했습니다,쉬다 한시 선물,5,Positive,2024-08-08,2024,8,Summer,18
베스트서적을잃고삽니다 이제서야중년이되어내시간을갖으며밀린독서에빠져봅니다 그렇게선택했어요,베스트 서적 잃다 사다 이제 서다 중년 되어다 시간 갖다 밀리다 독서 빠지다 보다 그렇게 선택,5,Positive,2024-08-06,2024,8,Summer,47
상상속에나를넣어위로받습니다,상상 에나 넣다 위로 받다,5,Positive,2024-08-05,2024,8,Summer,14
딸이 방학에 읽겠다고 하여 샀는데 재미있다고 합니다,방학 읽다 사다 재미있다,5,Positive,2024-08-02,2024,8,Summer,28
좋습니다 다음에도 이용할게요,좋다 다음 이용,5,Positive,2024-07-19,2024,7,Summer,15
잘읽겠습니다 유행할때 안읽고 뒷북치는 히,읽다 유행 읽다 뒷북 치다,5,Positive,2024-07-16,2024,7,Summer,22
배송도 빠르고 좋아요,배송 빠르다 좋다,5,Positive,2024-07-15,2024,7,Summer,11
너무 재미있게 잘 봤어요,너무 재미있다 자다 보다,5,Positive,2024-06-30,2024,6,Summer,13
아이가 사달라해서 구입했어요,아이 달라 구입,5,Positive,2024-06-26,2024,6,Summer,15
표지그림을 바꾸지말고 양장본을 만들어주세요,표지 그림 바꾸다 양장본 만들다,5,Positive,2024-06-18,2024,6,Summer,23
도움이 되서 샀습니당,도움 되다 사다,5,Positive,2024-06-05,2024,6,Summer,11
아이가 사달라고 해서 구매했는데 정말 재밌다고 하네요 본인이 읽고싶다고 해서인지 잘 읽네요,아이 달라 구매 정말 재밌다 본인 읽다 자다 읽다,5,Positive,2024-06-04,2024,6,Summer,50
아이가 구입해달라해서 샀어요,아이 구입 해달라다 사다,5,Positive,2024-05-30,2024,5,Spring,15
판타지 소설로 진짜 꿈을 살 수 있다면 얼마나 좋을까 라는 생각을 하게 되었습니다 주인공 페니의 일상생활을 통해 전개되는 내용들이 너무 재미 있습니다,판타지 소설 진짜 얼마나 좋다 생각 되어다 주인공 페니 일상생활 통해 전개 되다 내용 너무 재미,5,Positive,2024-05-14,2024,5,Spring,83
재밌 있는 소설이네요,재밌다 소설,5,Positive,2024-04-23,2024,4,Spring,11
재밌게 읽었습니다,재밌다 읽다,5,Positive,2024-04-20,2024,4,Spring,9
추천받고 구매한책입니다 아직 읽고있어요,추천 받다 이다 아직 읽다,5,Positive,2024-04-19,2024,4,Spring,21
재밌게 읽었습니다,재밌다 읽다,5,Positive,2024-03-27,2024,3,Spring,9
너무재미있고느낀점이만데요,너무 재미있다 느끼다,5,Positive,2024-03-18,2024,3,Spring,13
아이들에게 강추합니다 부모님도 함께 읽으면 더 좋겠죠,아이 추하다 부모님 함께 읽다 좋다,5,Positive,2024-03-17,2024,3,Spring,29
상상력을 자극하는 신선하고 재미있는 내용이예요 아이가 좋아해요,상상력 자극 신선하다 재미있다 용이 아이 좋아하다,5,Positive,2024-03-01,2024,3,Spring,34
너무재밌었어요 책 입문자용으로 좋네요,너무 재밌다 입문 좋다,5,Positive,2024-02-25,2024,2,Winter,20
잘읽었어요,읽다,4,Positive,2024-02-16,2024,2,Winter,5
책 아이가좋아합니다,아이 좋아하다,5,Positive,2024-02-02,2024,2,Winter,10
아이가 들고다니면서 여러번 정독했어요,아이 들다 정독,5,Positive,2024-01-26,2024,1,Winter,20
달러구트 꿈 백화점 재밌어요,달러 구트 백화점 재밌다,5,Positive,2024-01-23,2024,1,Winter,15
유용합니다 잘 활용하겠습니다,유용하다 자다 활용,5,Positive,2024-01-22,2024,1,Winter,15
감동이 있네요 힐링하며 행복하게 읽었어요,감동 힐링 행복하다 읽다,5,Positive,2024-01-19,2024,1,Winter,22
말이 필요없는 베스트셀러죠,필요없다 베스트셀러,5,Positive,2024-01-04,2024,1,Winter,14
재미있을 것 같고 유명한 책이라 2편까지 구매했네요 첫 장부터 재미있습니다,재미있다 같다 유명하다 구매 재미있다,5,Positive,2023-12-26,2023,12,Winter,41
내용이 판타지가 있으면서 재미있어요,내용 판타지 재미있다,5,Positive,2023-12-18,2023,12,Winter,19
신선한 소재와 즐거움,신선하다 소재 즐거움,5,Positive,2023-12-16,2023,12,Winter,11
내용도 재미있고 많은 생각을 해볼 수 있어서 좋았어요,내용 재미있다 많다 생각 해보다 좋다,5,Positive,2023-12-14,2023,12,Winter,29
너무 좋은내용 잘 읽었습니다,너무 좋다 내용 자다 읽다,5,Positive,2023-12-11,2023,12,Winter,15
아이가 소장하고싶어해서 구입하게 되었습니다,아이 소장 구입 되어다,5,Positive,2023-12-09,2023,12,Winter,23
학생들이 많이 읽어서 선물하려고 구입했습니다,학생 많이 읽다 선물 구입,5,Positive,2023-11-29,2023,11,Fall,24
너무재밌어요 도움이 많이될것같습니다,너무 재밌다 도움 많이 되다 같다,5,Positive,2023-11-24,2023,11,Fall,19
잘 읽히네요 아직 재미있어요,자다 읽히다 아직 재미있다,5,Positive,2023-11-09,2023,11,Fall,15
잘 읽히네요 아직 재미있어요,자다 읽히다 아직 재미있다,5,Positive,2023-11-09,2023,11,Fall,15
동공이 바쁠 정도로 후루룩 읽었어요,동공 바쁘다 정도 후루룩 읽다,5,Positive,2023-10-31,2023,10,Fall,19
인사이트가 있는 책입니다,인사이트 이다,5,Positive,2023-10-25,2023,10,Fall,13
가볍게 읽기에는 좋아요 사실 꿈을 만들고 사고 파는 설정이 흥미로웠지만 좀 아쉬운 부분도 있습니다 동화같이 가볍게 보기엔 좋네요,가볍다 읽다 좋다 사실 만들다 사고 팔다 설정 흥미롭다 아쉽다 부분 동화 가볍다 보기 좋다,4,Positive,2023-10-17,2023,10,Fall,71
좋아요 추천합니다,좋다 추천,5,Positive,2023-10-05,2023,10,Fall,9
처음엔 뭔가 싶으면서도 갈수록 빠져드는 책이네요,처음 뭔가 싶다 갈수록 빠져들다,4,Positive,2023-09-23,2023,9,Fall,26
왜 베스트셀러인지 알겠네요 추천합니다,베스트셀러 알다 추천,5,Positive,2023-09-16,2023,9,Fall,20
좋네요 동심과 소설 내용 너무 좋습니다,좋다 동심 소설 내용 너무 좋다,5,Positive,2023-09-16,2023,9,Fall,21
좋아요좋아요좋아요좋아요좋아요좋아요좋아요,좋다 좋다 좋다 좋다 좋다 좋다 좋다,5,Positive,2023-09-15,2023,9,Fall,21
꿈속에 달러구트 있다면 한번 꾸고 싶다는 생각이 들어요 너무 좋아요,꿈속 달러 구트 한번 꾸다 싶다 생각 들다 너무 좋다,5,Positive,2023-09-15,2023,9,Fall,37
아이가 너무 재밌어하네요,아이 너무 재밌다,5,Positive,2023-09-14,2023,9,Fall,13
몇 페이지 읽었는데 재미있어요,페이지 읽다 재미있다,5,Positive,2023-09-07,2023,9,Fall,16
편안하게 모험의 세계로,편안하다 모험 세계,5,Positive,2023-09-04,2023,9,Fall,12
너어어어무 재밌고 집중이 잘되서 시간가는줄몰랐습니다,어어 재밌다 집중 되다 시간 가다 모르다,5,Positive,2023-08-25,2023,8,Summer,28
좋은 내용이에요 또 읽고 싶은책이에요,좋다 내용 읽다 싶다,5,Positive,2023-08-23,2023,8,Summer,20
오랜만에 힐링되는 귀여운 소설을 읽었어요,힐링 되다 귀엽다 소설 읽다,5,Positive,2023-08-04,2023,8,Summer,22
굿 정말 재밌는 판타지 딱 내취향,정말 재밌다 판타지 취향,5,Positive,2023-07-31,2023,7,Summer,18
간만에 힐링했네요 귀엽고 좋아요,간만 힐링 귀엽다 좋다,5,Positive,2023-07-20,2023,7,Summer,17
아이가 정말 재밌게 보고있어요,아이 정말 재밌다 보다,5,Positive,2023-07-19,2023,7,Summer,16
꿈에 대한 새로운 시각이 생겼습니다,대한 새롭다 시각 생기다,5,Positive,2023-07-18,2023,7,Summer,19
잘읽을게요 선물했어요,읽다 선물,5,Positive,2023-07-18,2023,7,Summer,11
간만에 재밌게 읽은 책이에요,간만 재밌다 읽다,5,Positive,2023-07-17,2023,7,Summer,15
너무너무 잼나요,너무 너무 재다,5,Positive,2023-07-15,2023,7,Summer,8
너무 너무 재미있어요,너무 너무 재미있다,5,Positive,2023-07-15,2023,7,Summer,11
흥미로운 이야기로 마음을 따뜻하게 위로해주는 좋은 책입니다,흥미롭다 이야기 마음 따뜻하다 위로 해주다 좋다 이다,5,Positive,2023-07-14,2023,7,Summer,32
모순적인 부분도 보이긴 하지만 나름대로 재미와 감동이 있었습니다,모순 부분 보이다 나름 재미 감동,5,Positive,2023-07-12,2023,7,Summer,35
힐링 잘읽었습니다,힐링 읽다,5,Positive,2023-07-09,2023,7,Summer,9
후기보고 구매했어요,후기 보고 구매,5,Positive,2023-07-04,2023,7,Summer,10
내용이 술술 잘 읽어지고 재미났어요,내용 술술 자다 읽다 재미 나다,5,Positive,2023-07-01,2023,7,Summer,19
꿈에 대해 풀어놓는 상상력이 재밌네요,대해 풀다 상상력 재밌다,5,Positive,2023-06-29,2023,6,Summer,20
재밌어요 매우 특이하고 참신했어요,재밌다 매우 특이하다 참신하다,4,Positive,2023-06-25,2023,6,Summer,18
소재가 신선해서 그만큼 엄청 재밌었어요,소재 신선하다 그만큼 엄청 재밌다,5,Positive,2023-06-18,2023,6,Summer,21
뒤늦게 알게 됐는데 너무 재밌게 술술 읽히네요,뒤늦다 돼다 너무 재밌다 술술 읽히다,5,Positive,2023-05-25,2023,5,Spring,25
학교 수행평가용 도서,학교 수행평가 도서,5,Positive,2023-05-16,2023,5,Spring,11
학교 수행평가용 도서,학교 수행평가 도서,5,Positive,2023-05-16,2023,5,Spring,11
퇴사를 앞두고 좀 힐링 좀 해볼 겸 베스트셀러라고 들어서 구매하게 되었어요 기대했던 것 보다 훨씬 내용이 너무 다양하고 공감도 가고 너무 재미있어요 아껴서 보고 있는데 얼른 2권도 사고싶어요,퇴사 앞두다 힐링 해보다 베스트셀러 들어서다 구매 되어다 기대하다 보다 훨씬 내용 너무 다양하다 공감 가다 너무 재미있다 아끼다 보고 얼른 사다,5,Positive,2023-05-14,2023,5,Spring,106
연휴에 시간 가는지 모르고 줄줄 읽었어요,연휴 시간 가다 모르다 줄줄 읽다,5,Positive,2023-05-07,2023,5,Spring,22
제목부터 취향저격입니다,제목 취향 저격 이다,5,Positive,2023-05-05,2023,5,Spring,12
표지 자체로도 너무 기분이 좋아집니다 찬찬히 즐기며 읽어 보러구요,표지 자체 너무 기분 좋아지다 찬찬하다 즐기다 읽다 보다,5,Positive,2023-04-23,2023,4,Spring,36
어른이 되고 오랜만에 동화같은 책을 읽어서 기분이 좋습니다 2권도 사려고해요,어른 되다 동화 같다 읽다 기분 좋다 사려 고해,5,Positive,2023-04-22,2023,4,Spring,42
내용이 너무 좋습니다,내용 너무 좋다,5,Positive,2023-04-21,2023,4,Spring,11
좋아요 내용이 좋습니다,좋다 내용 좋다,5,Positive,2023-04-19,2023,4,Spring,12
아이가 먼저 읽고 친구에게 선물했어요,아이 먼저 읽다 친구 선물,5,Positive,2023-04-17,2023,4,Spring,20
읽어보고 재미있어서 선물했습니다,읽다 보고 재미있다 선물,5,Positive,2023-04-14,2023,4,Spring,17
학교 독서시간 추천교재라 구매했습니다,학교 독서 시간 추천 교재 구매,5,Positive,2023-04-11,2023,4,Spring,20
책이 따뜻해서 좋네여,따뜻하다 좋다,5,Positive,2023-04-04,2023,4,Spring,11
달러구트 꿈 백화점 이야기 멋져요,달러 구트 백화점 이야기 멋지다,5,Positive,2023-03-27,2023,3,Spring,18
예전부터 읽고싶은 책이여서 재밌게 봤다,예전 읽다 재밌다 보다,5,Positive,2023-03-24,2023,3,Spring,21
아직 읽기 전이지만 재미있을 것 같아요,아직 읽다 전이 재미있다 같다,5,Positive,2023-03-23,2023,3,Spring,21
재밌을 것 같아요,재밌다 같다,5,Positive,2023-03-22,2023,3,Spring,9
아이 학교에서 필요해서 구매했어요 표지가 새롭네요,아이 학교 필요하다 구매 표지 새롭다,4,Positive,2023-03-22,2023,3,Spring,27
책읽는 내내 힐링되는 시간이었습니다,읽다 내내 힐링 되다 시간 이다,5,Positive,2023-03-18,2023,3,Spring,19
표지 이쁘고 재밌게 읽었어요,표지 이쁘다 재밌다 읽다,5,Positive,2023-03-15,2023,3,Spring,15
가독성이 좋아서 재밌게 잘 읽었습니다,가독성 좋다 재밌다 자다 읽다,5,Positive,2023-03-15,2023,3,Spring,20
꿈 백화점이라는 주제가 너무 신선하고 재밌었어요 책을 읽으면서 제가 꿨던 꿈도 혹시 꿈 백화점을 들렀던게 아닐까 싶었어요 추리소설만 읽다가 이런 소설을 읽으니 되게 몽글몽글하네요,백화점 주제가 너무 신선하다 재밌다 읽다 끄다 혹시 백화점 들르다 아니다 싶다 추리소설 읽다 이렇다 소설 읽다 되게 몽글몽글하다,5,Positive,2023-03-14,2023,3,Spring,99
아직 다 읽지는 못했지만 책을 내려놓을수 없게 재밌네요,아직 읽다 내려놓다 없다 재밌다,5,Positive,2023-03-09,2023,3,Spring,30
현실적인 소설을 좋아하는 편인데 이 책은 가상과 현실을 이질감 없이 넘나드는 면이 았어서 그런지 흥미로웠습니다 기발한 세계관을 만들어서 보여주신 작가님 최고에요,현실 소설 좋아하다 가상 현실 질감 없이 넘다 들다 그렇다 흥미롭다 기발하다 세계관 만들다 보여주다 작가 최고,5,Positive,2023-03-07,2023,3,Spring,89
덕분에 아이가 잘 읽습니다,덕분 아이 자다 읽다,5,Positive,2023-02-28,2023,2,Winter,14
재밌게 잘 읽었습니다,재밌다 자다 읽다,5,Positive,2023-02-26,2023,2,Winter,11
동화 같은 소설입니다,동화 같다 소설 이다,5,Positive,2023-02-25,2023,2,Winter,11
아주 아주 좋아요 강추합니다,아주 아주 좋다 추하다,5,Positive,2023-02-22,2023,2,Winter,15
아직 읽어보진 않았지만 내용이 특이한것 같아 잼있을것 같아요,아직 읽다 보다 않다 내용 특이하다 같다 재다 같다,5,Positive,2023-02-16,2023,2,Winter,33
술술 읽히고 다음 권이 기대되는 책이에요,술술 읽히다 다음 기대 되다,5,Positive,2023-02-15,2023,2,Winter,22
재미있게 잘 읽었습니다,재미있다 자다 읽다,5,Positive,2023-02-13,2023,2,Winter,12
너무재밌어서 시간가는줄모르고읽었어요 마음이정화되는느낌,너무 재밌다 시간 가다 모르다 읽다 마음 이정화 되다 느낌,5,Positive,2023-02-12,2023,2,Winter,29
재미있게 읽엇습니다,재미있다 읽엇습니,5,Positive,2023-02-09,2023,2,Winter,10
기대보단 아니였지만 재미있어요,기대 아니다 재미있다,5,Positive,2023-02-08,2023,2,Winter,16
재미없던데 왜 인기있는지 모르겠음,재미없다 인기 모르다,3,Neutral,2023-02-07,2023,2,Winter,18
딸이 읽고 싶다고 사달라고해서 사줬는데 저만 읽고있네요,읽다 싶다 달라 고해 사주다 읽다,5,Positive,2023-02-05,2023,2,Winter,30
호기심에 구매하게 되었는데 재미있게 읽은 편입니다,호기심 구매 되어다 재미있다 읽다 편입,4,Positive,2023-02-05,2023,2,Winter,27
흥미진진한 스토리 재밌게 읽고 있어요,흥미진진 스토리 재밌다 읽다,5,Positive,2023-02-04,2023,2,Winter,20
좋은 책 입니다,좋다 이다,5,Positive,2023-02-02,2023,2,Winter,8
책이 뭔가 몽글몽글한 느낌이 들었어요,뭔가 몽글몽글하다 느낌 들다,5,Positive,2023-01-27,2023,1,Winter,20
너무 좋은 내용입니다 잘 읽을게요,너무 좋다 내용 이다 자다 읽다,5,Positive,2023-01-20,2023,1,Winter,18
정말 베스트 셀러입니다 상상의 끝은,정말 베스트 셀러 이다 상상,5,Positive,2023-01-19,2023,1,Winter,19
연말에 행복한 상상하면서 재밌게 읽었어요,연말 행복하다 상상 재밌다 읽다,5,Positive,2023-01-15,2023,1,Winter,22
아이가 좋아 합니다,아이 좋다,5,Positive,2023-01-12,2023,1,Winter,10
작가의 상상속 이야기가 재미있네요 호불호 있다그래서 걱정했는데 읽을만 해요 표지도 예뻐서 좋아요,작가 상상 이야기 재미있다 호불호 그래서 걱정 읽다 표지 예쁘다 좋다,5,Positive,2023-01-12,2023,1,Winter,53
읽고소장하고 좋은책요,읽다 소장 좋다,5,Positive,2023-01-11,2023,1,Winter,11
큰 아이가 시간 구애받지 않고 책을 읽고 싶다고 해서 구매했네요,크다 아이 시간 구애 받다 않다 읽다 싶다 구매,5,Positive,2023-01-06,2023,1,Winter,35
상상력이 풍부한 작품입니다 재미있게 읽었습니다,상상력 풍부하다 작품 이다 재미있다 읽다,5,Positive,2023-01-06,2023,1,Winter,25
책구성이 잘되어있고 유익해요,구성 되어다 유익하다,4,Positive,2023-01-03,2023,1,Winter,15
상상력을 자극시켜줘요,상상력 자극시키다,4,Positive,2023-01-02,2023,1,Winter,11
초등고학년 아이도 곧잘 읽네요,등고 학년 아이 곧잘 읽다,5,Positive,2023-01-02,2023,1,Winter,16
올해도 교보문고에서 유익한책 많이 보아야 겠어요 감사합니다,올해 교보 문고 유익하다 많이 보아 겠다 감사하다,5,Positive,2023-01-01,2023,1,Winter,32
추천합니다 꼭 읽어보세요,추천 읽다 보다,5,Positive,2023-01-01,2023,1,Winter,13
계속 읽을 수록 흥미롭네요 재밌습니다,계속 읽다 수록 흥미롭다 재밌다,5,Positive,2022-12-29,2022,12,Winter,20
재미있게 읽어서 선물용으로 또 구매했어요,재미있다 읽다 선물 구매,5,Positive,2022-12-29,2022,12,Winter,22
읽고 싶은 책이었어요,읽다 싶다 이다,5,Positive,2022-12-28,2022,12,Winter,11
마음속 어딘가를 자극하는 그 느낌,마음속 어딘가 자극 느낌,5,Positive,2022-12-27,2022,12,Winter,18
재미있게 읽었습니다,재미있다 읽다,5,Positive,2022-12-25,2022,12,Winter,10
재밌습니다 읽어보세요,재밌다 읽다 보다,5,Positive,2022-12-23,2022,12,Winter,11
글을읽은게힘들엇는데내용도재미있고빠르게읽혀집니다,읽다 힘들다 늘다 용도 재미있다 빠르다 읽히다 지다,5,Positive,2022-12-20,2022,12,Winter,25
선물하기 위해 재구매 합니다,선물 위해 재다,5,Positive,2022-12-19,2022,12,Winter,15
여기는 잠들어야만 입장할 수 있는 달러구트 꿈 백화점 입니다,여기다 잠들다 입장 달러 구트 백화점 이다,5,Positive,2022-12-19,2022,12,Winter,33
내용이 흥미진진합니다,내용 흥미진진,5,Positive,2022-12-19,2022,12,Winter,11
본걸 또봐도 재밌어요 다른분께 추천해도 될거같아요,보다 재밌다 추천 되다 같다,5,Positive,2022-12-16,2022,12,Winter,27
결말이 쉽게 상상되어서 좀 아쉬웠지만 그것빼고는 재미있었어요,결말 쉬다 상상 되어다 아쉽다 그것 빼다 재미있다,4,Positive,2022-12-15,2022,12,Winter,33
감동을 주는 책입니다,감동 주다 이다,5,Positive,2022-11-30,2022,11,Fall,11
감동을 주는 책입니다,감동 주다 이다,5,Positive,2022-11-30,2022,11,Fall,11
좋아요 생일 딱 맞춰 왔네요 책 너무 예뻐요,좋다 생일 맞추다 오다 너무 예쁘다,5,Positive,2022-11-29,2022,11,Fall,24
지인 추천으로 보게된 책인데 왜 추천했는지 알겠어요 2권도 바로 구매하려구요,지인 추천 보다 되다 추천 알다 바로 구매,5,Positive,2022-11-22,2022,11,Fall,42
추천 받아서 읽기 시작했습니다,추천 받다 읽다 시작,5,Positive,2022-11-16,2022,11,Fall,16
아이가 너무 좋아합니다,아이 너무 좋아하다,5,Positive,2022-11-12,2022,11,Fall,12
학원교재용으로 구입했어요,학원 교재 구입,5,Positive,2022-11-11,2022,11,Fall,13
재미있게 잘 읽었습니다,재미있다 자다 읽다,5,Positive,2022-11-08,2022,11,Fall,12
술슬 넘어가는 책이네요,술슬 넘어가다,5,Positive,2022-11-08,2022,11,Fall,12
아는분이 추천해주셨는데 잘샀다는 생각이 들어요 정말 재미있네요,알다 추천 해주다 사다 생각 들다 정말 재미있다,5,Positive,2022-11-05,2022,11,Fall,34
표지가 참 예뻐요 아이가 좋아해요,표지 차다 예쁘다 아이 좋아하다,5,Positive,2022-11-05,2022,11,Fall,18
재미있게 읽었습니다,재미있다 읽다,5,Positive,2022-11-05,2022,11,Fall,10
잘 읽어보겠습니다,자다 읽다 보다,5,Positive,2022-10-26,2022,10,Fall,9
배송이 빠르고 좋아요,배송 빠르다 좋다,5,Positive,2022-10-21,2022,10,Fall,11
너무 설레는 마음으로 책을 받았는데 너무 기쁘고 또 어떤 내용이 있을지 기대돼요,너무 설레다 마음 받다 너무 기쁘다 어떻다 내용 기대 돼다,5,Positive,2022-10-14,2022,10,Fall,44
힘든 마음이 치유되는거 같아서 너무 좋아요,힘드다 마음 치유 되다 같다 너무 좋다,5,Positive,2022-10-14,2022,10,Fall,23
