rating, date, content
"5","2025.12.09","간결하고 군더더기 없는 문체에 독특한 세계관이 개인의 특색과 세심한 이야기를 묘사하고 있다. 마치 지브리의 어른용 만화영화를 한편 보는듯한 묘사들이 즐겁다. 깊이잇지만 가볍고 때론 유머러스한 오랜만에 유쾌하게 잘 만든 작품을 만난거 같다."
"3","2025.11.10","동화 같은 이야기. 잔잔한데 좀 심심하기도."
"4","2025.10.17","나도 들어가고 싶음...ㅎㅎ 동화임 정말로"
"5","2025.02.20","스트레스 받는 일상을 잠시 내려놓고, 잔잔하게 흘러가는 상상 속 동화 같은 이야기."
"3","2025.01.28","술술 읽히는 책입니다. 많은 울림을 준다거나 배울 점이 있다거나 한 책은 아니지만 분명 생각해볼 지점들이 있었고 잔잔하게 동화 읽는 느낌으로 읽어나가기 좋습니다. 1권 이기는 속편 없다는 말처럼 이 책도 2부보다는 1부가 더 좋았습니다. 세계관을 좀 더 풀려는 시도는 좋았으나 각각의 스토리마다 너무 직접적으로 교훈을 주려는 느낌이라 정작 전체적인 흐름은 자연스럽지 않게 끊어진 채로 진행되는 느낌이었어요."
"5","2025.01.25","실제로 존재할 것같은 이야기! 감사합니다 💝"
"1","2025.01.22","범죄도시3 4가 관객을 동원하는 이유. 이책의 별점이 4점이 넘어가는 이유. 다 같은 이유인 것이다. 시대는 회귀한다."
"5","2025.01.05","꿈꾸는 듯한 느낌. 꿈을 꾸고 싶은 날 생각날 것 같다ㅎㅎ아이들에게 들려주고싶은 이야기"
"5","2024.11.29","달러구트 꿈 백화점은 이전부터 유명해서 읽어보려고 했었습니다. 꿈에 대한 다양한 이야기들이 나와서 재미있었습니다. 그리고 주인공 페니의 이야기가 흥미로워서 페이지가 잘 넘어갔습니다."
"5","2024.11.23","추천받고 읽고 있는데 초반은 재미없다가도 본격 에피 들어가니 빠져드네요 유치하다 느낄 수도 있겠지만 제 입장에선 책읽는 동안이나마 아이의 순수한 상상력 속으로 들어간 것 같고 좋았습니다 어렵지 않은 이야기들이라 가볍게 읽기 좋은것같아요"
"5","2024.11.11","인기있는책에는 이유가 있다. 꿈에대한 재미있는 상상. 그리고 완벽한 에필로그"
"5","2024.08.29","익숙하면서도 때론 진부한 소재인 꿈을 가지고 훌륭하게 내 상상력을 자극한 책. 문학적으론 어떨지 몰라도 솜씨 좋게 개개인의 동심을 이끌어내는데 성공했다고 본다. 30대가 되어서야 독서에 취미를 붙인 사람으로서, 이런 책을 내가 청소년이었을 때 읽어봤다면 책을 담쌓지 않았을 텐데.  왜 그땐 그리 책을 멀리했을까."
"5","2024.08.13","몰입감이 좋았고 마지막엔 감동과 슬픔도 느꼈던 재미있는 소설"
"5","2024.06.05","디즈니 애니메이션 한편을 본 듯하고 어쩌면 그 이상입니다. 꼭 애니메이션이나 영화로 제작되었으면 좋겠습니다!  달러구트의 꿈 백화점이 오늘 밤 내 꿈에 나왔으면 좋겠어요 ㅎㅎ"
"4","2024.03.06","요즘 너무 꾸고싶은꿈을 꿈백화점에서 사고싶네여"
"5","2024.03.04","환상동화. 간만에 흐뭇한 소설이었습니다. 2편 보러 가야지!"
"5","2024.02.01","달러구트의 꿈백화점을 읽으면서 저도 어렸을때 부모님과함께한 추억이 떠올랐습니다. 꿈속에서 다시한번 따뜻한 느낌을 받은것 같습니다. 잘 읽었습니다."
"5","2024.01.06","가볍게 읽기 좋은, 꿈처럼 쉼표같은 책"
"5","2023.12.04","너무 재미있게 잘 봤어요."
"5","2023.08.26","소소하고 여유있게 잘 읽힌것 같습니다"
"5","2023.07.22","가볍게 보기에 충분했어요"
"5","2023.06.08","재미있게 봤습니다. 킬링타임용으로 그만입니다. 머리가 무겁고 가볍게 읽을거리를 찾는 분들에게 적당한 책입니다. 꿈이라는 공간에 관심이 많은 저로서는 이야기흐름보다는 설정과 공간이 마음에 들었습니다. 마치 아이들 디즈니만화 소피아공주의 마을과 그안에서 크리스마스인 바사일리아를 연상케하는 에피는 예전의 시끌시끌하던 크리스마스 연말연시를 떠올리게 하여 너무 좋았습니다."
"1","2023.06.04","이 책이 어떻게 이런 평점을 가질 수 있는지 의문이드네요. 스토리 라인이라는 것도 없고 그냥 꿈 이라는 소재에 살만 붙여서 아무런 재미가 없습니다. 그냥 말 그대로 무 재미 입니다. 재미라는게 존재하지 않아요."
"5","2023.04.18","이 책을 사기 전 리뷰를 봤는데, 어린이용 판타지 소설 같다는 리뷰를 보고 잠깐 고민했습니다. 하지만 책을 많이 읽지 못한 회사원이 판타지를 꿈꾸기에는 너무나도 완벽한 책이었어요. 공감가는 구절도 많고, 감동을 받거나, 깨달음을 얻기도 했습니다. 근래 읽은 책 중 가장 최고의 책이었어요. 잘 읽었습니다 :)"
"4","2023.04.17","소재는 신선한데 전개가 조금 아쉬운듯"
"4","2023.01.19","신선한 소재이긴하지만 솔직하게 이것저것섞인 느낌이라 아쉬웠어요"
"5","2023.01.14","글을 읽으면서 상상의 나래를 펼치게 되는 그런 책이었다. 오랜만에 읽은 너무 재미있는 책이어서 2편이 기대가 된다."
"3","2023.01.05","호텔 델루나 같은 느낌. 꿈이라는 소재가 신박했음. 에피소들에 양념을 더하면 드라마나 영화로 제작될 수 있을 것 같다."
"4","2022.11.17","꿈이라는 소재로 재미있게 이야기를 들려줍니다. 신선하고 재미있었습니다"
"5","2022.11.16","잼있어여!! :) 작가님의 다른 책들이 기대되여"
"5","2022.10.28","재밌어용!! 순식간에 다 읽었네여"
"5","2022.10.23","재미있게 읽었음 2권 기대됨"
"5","2022.09.28","재밌고 상상속의 귀여운 이야기들 술술 읽혀요"
"5","2022.09.16","진짜 오랜만에 여운남고 편안한 소설을 읽었네요"
"5","2022.08.31","오랜만에 술술 읽히는 책이었어요."
"5","2022.08.26","이 책을 봄과 동시에 내 마음속에 작은 봄이 왔다."
"5","2022.08.12","해리포터 이후 가장 상상력을 자극한 이야기"
"4","2022.08.05","여운이 남는 스토리"
"5","2022.07.27","정말 울고 웃고 여운이 남을 수 밖에없다. 기분 좋은 꿈을 꾼듯한 -"
"5","2022.07.14","여운이 남는 짤막한 이야기들이 많네요"
"5","2022.07.06","최고에요 꿈을 자주 꾸는 편이고 깨고나서도 남아있는 여운에 슬플때가 많은데 이 소설 덕분에 울고 웃고 다했어요 뭔가 위로가 되네요"
"5","2022.07.04","어느새 어른이 된 내가 이 책을 읽는 동안 동화책 한권을 선물받은 어린아이가 된 기분이 든다."
"5","2022.06.30","진짜 재밋다... 도서관 예약 기다리다가 꽉차서 결국 구매해서 본건데 후회없음"
"5","2022.06.30","할머니랑 추억이 없는데도 울었네.."
"5","2022.06.15","친구 추천으로 읽게 됐는데 넘 재밌네요 동화같기도 하고 흔히 특별하게 느끼는 꿈들을 소재로 이야기를 보니까 진짜 이런 거였음 좋겠다는 생각도 들어요"
"5","2022.06.12","뽐내지 않고 읽는 사람을 편하게 해주는 문체로 꿈같은 이야기를 현실적으로 풀어낸다. 과하지 않게 내 삶을 찬찬히 들여다 볼 수 있게 해준 좋은 책"
"5","2022.06.09","너무너무 재밌는 책이였어요!!"
"4","2022.05.30","그냥 꿈이 아닌 바쁜 현대인들의 삶을 돌아볼 수 있는 여유를 주는거 같아요 잘 읽었습니다"
"5","2022.05.25","누구나 읽기 쉬운책이에요."
"4","2022.05.04","꿈을 판다는 아이디어가 참 좋네요. 한 수 배우고 갑니다."
"4","2022.05.03","책읽기가 어려운 저에게도 쉽게읽히고 잘 집중이되는 책이었습니다 큰 여운이 있는 책은 아니지만 읽고나서 좀 더 순수해지는 느낌이 들어서 기분 좋은 책 인것 같습니다"
"5","2022.05.01","1권이 막 이북으로 출간됐을 때 제목만 보고 홀린듯이 구입해서 읽었습니다. 원체 이런 소재와 분위기, 문체를 좋아해서 즐겁게 읽은 거랑 별개로 1권을 딱 봤을 때는 이야기에 중심이 되는 커다란 주제가 없고, 그래서 마무리도 좀 흐물거리는? 느낌을 받았었는데요. 2권을 보고 나니, 1권의 이야기들은 2권을 위한 긴 프롤로그 같은 느낌을 받았습니다. 2권이 너무너무 좋아서 1권을 다시 봤는데, 1권을 읽을 당시에 그냥 작품의 분위기 조성을 위한 설명처럼 읽고 지나쳤던 인물들의 관계성, 짤막한 관계성과 에피소드 설명 같은 부분들이 다시 눈에 들어오더라고요. 1권에서 애매했던 부분이 2권에서 많이 풀려서, 1권만 읽었을 때와 2권을 읽은 후 1권을 다시 읽었을 때 감상이 굉장히 많이 달라집니다. 저는 그랬어요. 혹시 1권만 읽었을 때 재미는 있고 흐름도 취향에 맞긴 한데 이게 그래서 대체 뭘 위한 내용이지...? 싶은 느낌을 받으셨던 분들은 2권도 읽어주셨으면 좋겠어요! 1권의 무수한 떡밥이 2권에서 매듭지어져서...  인생작 중 하나에 들어갔습니다ㅠ 3권도 떡밥이 나온 것 같은데, 나왔으면 좋겠습니다!"
"2","2022.04.29","기대가 너무 컸던 모양이지요. 꿈을 판다는 백화점은 참신한 아이디어임에 틀림없으나 내용의 전개가 그저 그런 판타지 소설같아서 끝까지 다 읽기가 힘이 부쳤습니다. 중간 중간 내용이 늘어져 지루한 부분도 많았고요. 가볍게 읽기에는 좋았던 책이었던 것 같아요. 추천하지는 않습니다."
"1","2022.04.27","중반까지 봤는데 기대보다는 별로입니다. 옴니버스식 단편 읽는 느낌인데 일본만화나 서양 드라마에서 종종 보이는 신기하면서 감동과 할링이 있는 드라마 같은 걸 쓰고자 하신 건 알겠으나 별로 신선한 내용은 아니었어요. 캐릭터도 별로 안 와닿고 전개도 평이해서 높은 점수를 주긴 힘듭니다."
"5","2022.04.26","술술 읽혀요 신선하고 재밌는 소설이네요"
"5","2022.04.25","삭막한 일상 속에 잠깐이나마 달콤한 꿈을 꾼 기분"
"5","2022.04.25","가볍게 읽기에 좋은 책입니다."
"5","2022.04.23","꿈꾸는 사람들의 이야기를 통해 힐링되는 시간이었습니다"
"4","2022.04.10","잠을자면 꾸는꿈을 여러가지 장르와 잠을자면서 느끼는 감정같은것들을 글로 잘 표현해내면서 잠에 의미를 부여하게 만들어주는 소설이였네요. 조금 지루한면이 없지않아 있지만 우리가 잠이라는 무의식속으로 들어가면서 형상화하게되는 욕구나 욕망들을 느낄수있어 잘 읽었습니다."
"5","2022.04.06","잘읽었습니다. 개인적으로는 현실세계의사람들얘기보단 꿈파는 세계의이야기가 더 많았다면 환타지에푹빠져서 좋았을것같아요, 환타지에서 현실을 왔다갔다하는건 사실좀 피곤합니다.그치만2권도 이미 구매했어요 ㅎ"
"3","2022.04.03","참신하고 좋은 소재를 가지고 풀어낼 수 있는 이야기로는 별로가 아닌가 싶네요 문장도 번역투가 강하고... 설렁설렁 읽기는 다 읽었지만 흥미롭거나 빨려들어가는 느낌은 아니었어요 어디 추천하고 싶은 책은 아닙니다"
"5","2022.04.01","가볍게 읽기 좋은 책. 소재도 신선하고 재미있음."
"5","2022.04.01","재밌게 쉽게 술술 잘 읽히는 책이예요. 시간가는줄 모르고 읽었어요. 한편의 무해한 꿈을 꾼 것같아요."
"3","2022.03.29","소재는 너무 신선하고 좋았으나 중심이 없이 이야기가 흘러가는 느낌이에요"
"5","2022.03.29","쉽게쉽게 읽힙니다. 등장인물들의 말과 행동을 상상해보면 마치 만화나 디즈니 애니의 캐릭터같은 모습이 떠오르기도 합니다.  흔한 클리셰라고도 할만한 이야기 구조이지만 꿈이 문화이고 감정이 재화인 매력적인 세계관을 구축한 작가의 상상력이 놀랍습니다. 내가 그런 세상에서 사는 주민이면 얼마나 좋을까요. 아름다운 이야기였습니다.  마지막 에피소드에서는 눈물도 흘렸네요 .ㅠㅠ 나 40살 아저씨라고..."
"5","2022.03.27","가볍게 보기 좋은 재밌는 소설"
"5","2022.03.23","재밌게 봤습니다. 처음엔 달러구트 꿈백화점을 리디북스로 접했는데 지금 현재는 달러구트 꿈백화점 1,2권 모두 책으로 구매했습니다.정말 좋아하는 작품중 하나입니다."
"5","2022.03.13","중 후반까지 장말 재밌게 보다가 마지막에 코끝이 찡하게 되네요 보는 내내 지루하지 않았고 책으로 간직하고 싶어서 합본까지 구매하게 되었네요 1도 다 읽었으니 2도 읽어야 겠어요^^"
"5","2022.03.11","몰입도가 뛰어난 소설"
"5","2022.03.09","한 여름 밤의 꿈처럼 다른 세계에 들어갔다가 나온 느낌을 받을 수 있는 책"
"5","2022.03.06","책 읽는 동안 행복했다"
"5","2022.03.05","상상력이 뛰어나요. 각 캐릭터들의 성격도 재미있고.. 스피도는 왠지 ESTJ일듯.."
"5","2022.03.05","재밌고 읽으면서 행복했어요."
"3","2022.03.03","꿈을 만드는내용의 소재라 참신하네요. 다른관점으로 볼수있어서 좋았어요."
"3","2022.03.01","개인적으로 처음엔 재밌게 잘 읽히다가 어느순간부터 이야기의 전개가 멈추고 제자리걸음하는 느낌이었어요  그 점이 지루하게 느껴져서 중도 하차했습니다 꿈에 대한 이야기 자체는 흥미로워요"
"5","2022.02.28","꿈에대한 새로운 생각을 가질수있는 흥미로운 이야기 입니다"
"5","2022.02.28","오랜만에 가벼운 마음므로 재미있는 이야기 잘 경험하고 갑니다:)"
"5","2022.02.25","가볍게 읽기 좋은 소설입니다!추천드립니다."
"4","2022.02.24","가볍게 잘 봤습니다"
"5","2022.02.24","재미있는 소설이네요~"
"4","2022.02.24","재미있네요... ㅋ 가볍고 유쾌했습니다."
"5","2022.02.23","너무재미있게봤어요~ 바로 2권으로~~!!"
"5","2022.02.23","유쾌하고 기발하며 아련하기까지."
"5","2022.02.23","달러구트 추천받아서 읽었는데 너무 재밌네요"
"5","2022.02.21","쉽게 읽을 수 있어요 재밌습니다"
"5","2022.02.19","어른들을 위한 동화, 판타지  쉽게 읽히고 미소를 지으며 책을 덮을 수 있는 책"
"5","2022.02.17","넘 재밌어요. 떡밥 회수까지. 깔끔한 기분."
"5","2022.02.17","이성적인 나에게 '감성'병 하나를 선물해준 것 같다 마지막엔 눈물을 흘리며 보게 되었도 나의 삶이 복잡해질 때 이 책으로 마음의 평화를 찾을 수 있을 것 같다 좋은 책. 읽은 시간들이 허비되지 않았다. 작가님 감사합니다."
"2","2022.02.16","기대 많이했는데 생각보다 지루하고 허술해서 겨우 읽었다. 마지막 할머니와 손주가 나오는 꿈이 인상깊어서 별점 2점"
"5","2022.02.15","참 재밌게 읽었어요 !"
"5","2022.02.12","가볍게 읽기 좋아요 재미있어요"
"5","2022.02.09","상큼하고 가볍고 즐겁습니다"
"5","2022.02.08","좋아요 편하게 슥 읽기좋은챡이에요"
"5","2022.02.03","꿈이라는 소재로 책을 내려놓을 수 없게끔 아주 흥미롭게 이야기를 풀어나가고 쉽게 휘리릭 볼 수 있는 책이에요!"
"5","2022.02.01","가볍게 읽기 좋은 책인거 같아요!"
"5","2022.01.27","생각보다 넘 재미있어요"
"2","2022.01.25","참신한 소재로 흥미롭게 읽기 시작했는데 등장 인물 이름들의 특색이나 특히 이름이 머리에 크게 남지 않아 아쉽네요. 또한 꿈을 꾸는 사람들은 특정 국가에 속하는데 꿈을 파는 사람들은 지구를 상대로 하고 있는 구도도 좀 아쉬웠습니다."
"5","2022.01.22","정말 최고의 소설!보면서 울고 웃고 늘 설레면서 처음으로 북리뷰를 남겨봅니다."
"5","2022.01.22","2편 나왔다고해서 1편 다시 읽고 2편으로 갑니다~~"
"4","2022.01.22","자기삶을사랑하는법두가지~"
"5","2022.01.21","사랑스러운 소설, 꿈꾸고나면 행복해져요. 악몽이었던 꿈도. 신기..."
"5","2022.01.15","독특하고 사랑스러워요. 오래 기억에 남을 듯한 소설"
"5","2022.01.15","귀여운 상상 스토리에 읽는 내내 풉! 하며 소리내며 행복하게 읽음"
"5","2022.01.14","가끔 꿈을 꾸면 기억에 진하게 남을때도있고, 현실과 분간이 안되어 정신이 멍한적도있습니다 물론 단..몇초지만요.. 그만큼 꿈이 생생해서 꿈해몽을 자주 검색해보곤 합니다. 그런 저에게 이 책은 너무나 신기하고 빠져드는 이야기들이였습니다. 신기하게도 이 책을 중간쯤 읽었을때 제 꿈에 돌아가신 할아버지가 나타나셨습니다 별말은 없으시고 지긋이 처다보는 장면이 눈에 선합니다.. 이 작가님은 어떻게 이런 생각으로 소설을 쓰셨는지 정말 대단하고, 감사하네요.. 마지막 에피소드에서는 대성통곡했답니다.. 그리고 에필로그까지 완벽했어요"
"5","2022.01.13","소재랑 설정이 너무 흥미로웠고 마지막 에피소드에서는 진짜 눈물이 엄청 쏟아졌네요. 재미있어요!"
"5","2022.01.08","그자리에서 단숨에 다 읽었네요 흡입력좋고 인물들도 살아있어요 곱씹고 싶은 에피소드도 많고 평소에 관심많았던 꿈에 대한 이야기여서 흥미로웠어요"
"5","2022.01.07","너무 재미있는 스토리의 책입니다!  강추"
"2","2022.01.06","소재도 흥미롭고 글도 잘 읽혀 가볍게 읽기 좋음. 다만 내가 판단하기에 설정이 허술하거나 설정오류 같은 부분이 있고 소재가 참신한 만큼 더 치밀하게 계획했으면 하는 아쉬움이 있음. 캐릭터도 전반적으로 평면적인 편. 꿈 세계 이야기는 재미있지만 현실 세계 이야기는 텐션이 떨어지는 편(꿈과 현실의 상호작용이 크지 않아서 그런듯)"
"5","2022.01.06","처음 읽었을 때 소재는 흥미로웠지만 솔직히 아주 재밌다는 아니였어요 그러다 2권을 읽고 다시 1권을 읽었는데 훨씬 재밌었고 특히 먼저 떠나는 가족이 남은 가족들에게 남기는 꿈에 대한 에피소드에서는 실제 이런 세상이 있으면 얼마나 좋을까 싶었고요.. 삶에 지친 사람들에게 위로와 안식을 주는 이야기라고 생각됩니다"
"4","2022.01.04","기대한 만큼 재미있진 않았어요. 작은 에피소드들이 모여 나중에 뭔가 커다란 그림을 이룰거라는 기대를 했는데, 그냥 소소한 에피소드로 끝나버리네요. 비유나 은유가 인물의 감정을 표현하거나 미래에 대한 암시 같은 게 아니라서 그런 것도 살짝 아쉬웠습니다. 스토리 전체가 뭔가 딱 맞아 떨어진다는 느낌은 들지 않았습니다. 그러나 그냥 간단히 읽기에는 나쁘지 않은 책입니다. 베스트셀러로 잠깐 떴다가 잊혀지는 딱 그런 책입니다."
"4","2022.01.02","영화로 나오면 어떨까 생각해 봤어요"
"2","2022.01.02","초반에만 흥미진진하고 중간에 가면 너무 지루해서 안읽혀요..."
"4","2022.01.02","중반이후 조금 지루했지만 재밌게 잘 읽었습니다."
"1","2022.01.01","재미드럽게 없네 누구좀 따라해보려고 한거같은데 재미드럽게 없음 내시간은 소중해"
"5","2021.12.30","판타지 속의 현실이 느껴지는 작품 ,2권도 읽고 싶어요"
"4","2021.12.28","2권 먼저 보고 1권도 찾아 읽었어요. 간만에 재밌게 본 책입니다. 2권은 더 재밌어요."
"5","2021.12.26","너무 재밌게읽었어요! 의도치않게 힐링도 되고, 눈물이 글썽이기도 했어요. 다만 루시드드림을 꾸는 그 여인을 다시 만나기위해 10년이든 20년이든 기다릴거라는 스토리가 더 궁금해요! 그 이야기로 2권 만들어주시면 안되나요. 꿈속의 여자, 꿈속의 남자 정말ㅜㅜ 아련하고 궁금해요"
"5","2021.12.26","2권도보고싶어요ㅠㅠㅠㅠ"
"1","2021.12.18","베스트셀러라는 기대감에 실망감이 컸던 소설"
"5","2021.12.16","순식간에 다 읽었어요 거리감있는 먼 세계인줄 알았더니 가까운 옆나라 이야기 같은 느낌이네요"
"5","2021.12.11","신선한 소재에 무겁지 않은 이야기라 술술 읽어나갔어요"
"4","2021.12.08","잼써요 창의적이네요 근데 약간은 지루한구석이 좀일어요"
"5","2021.12.08","창의적으로 풀어낸 꿈에 관한 이야기. 편하게 읽다 위로도 받는 가볍지만 와닿는 어른들의 동화."
"5","2021.12.06","와오 이렇게 한 번에 쭉 읽을 수 있는 책은 드문데, 진짜 몰입감으로 인하여 한 번에 쭉 읽었네요 진짜 재미있습니다"
"5","2021.12.05","매일 꿈을 꾸는데 달러구트네 백화점의 단골이었을지도 모르겠네요 전"
"5","2021.12.04","소설가님들 보면 어떻게 이런 생각을 하지? 궁금해요. 너무 재미있게 잘봤습니다"
"5","2021.12.03","신선한 소재로 동화를 읽는 듯 따뜻함이 가득한 소설이다 문장도 깔끔해서 쉽고 편안하게 읽을 수 있다  가벼운 마음으로 순식간에 읽을 만한 책을 찾는다면 추천!"
"3","2021.12.01","소재는 신선하고 읽기도 수훨해서 금방읽었습니다.  다만 특별히 감동이 있거나 맘에 와닿는 부분은 없었네요. 기분전환용으로 간단히 읽기에 좋았습니다."
"5","2021.12.01","슥슥 읽기좋고 재밌었어요 약간의 번역투도 흥미로움을 더해줌"
"3","2021.11.29","그저그랬음 평범~~ 소재는 신선한데 에피소드가 뭔가 식상?하달까...마지막 에피소드 후에 갑자기 이게 끝? 이런 생각도 들고...ㅎ  읽은게 후회되고 그럴정도는 아니고 리셀로 읽은건 괜찮다 정도였습니다"
"5","2021.11.28","소재가 신선해서 좋았어요 왠지 오늘 꿈 백화점에 들릴지도 모르겠네요(과몰입"
"5","2021.11.24","어른들을 위한 동화 침대 머리맡에 두고 잠들기 전 가볍게 읽기 좋은 책"
"5","2021.11.22","공공장소에서 보지 마세요 지하철에서 읽다가 특정 에피소드에서 울뻔함"
"5","2021.11.22","어른의 동화란 느낌이 들었습니다. 어린시절을 생각하고, 지금의 내 감정들을 꿈을 통해서 다시 들여다 보는 계기가 되었습니다."
"5","2021.11.20","소설을 잘 안읽는 편인데 너무 잘 읽히고 재밌었습니다. 외국에서 흔히 쓰일 법한 이름의 등장인물들이 나와서 외국 작가분이 쓰신 줄 알았는데 한국 작가분이셨네요!!! 앞으로도 흥하시길 바랍니다~"
"5","2021.11.10","드라마로 나오면 좋을 듯 합니다~^^"
"5","2021.11.08","재미있게 봤어요  생각해보니 꿈을 꾼게 언제인지 싶네요"
"5","2021.11.01","유치한듯 하면서도 좋네요. 읽는 내내 행복 했어요"
"4","2021.10.30","초반에는 살짝 러프하다고 생각했으나 읽으면 읽을수록 매료되는 스토리군요. 좋은 책이었습니다!"
"4","2021.10.30","참신한 소설 잘 읽었습니다 철학적인 부분도 읽고 추천합니다"
"5","2021.10.24","동화같고 읽는 내내 꿈 속에 있는 기분… 너무 좋아요ㅠㅠㅠ"
"4","2021.10.21","어른들을 위한 동화"
"5","2021.10.20","잔잔하고 따스한 이야기"
"4","2021.10.19","잔잔하게 재밋네영 한국소설 아닌거같은데 한국적임"
"5","2021.10.19","꿈에 대한 새로운 시선과 우리가 꿈에 대해 생각이 잘어우러져 잘읽히고 낯익으면서도 신선했습니다"
"4","2021.10.18","꿈 속에서 벌어지는 일들로 우리 삶을 이야기하는 마음 따듯해지는 이야기. 재밌게 읽었네요"
"5","2021.10.11","동화같은 이야기 상상력이 많이 필요합니다 그러나 읽다보면 현실의 나를 만나게되는 이야기 입니다"
"5","2021.10.08","정말 재미있게 술술 읽었네요"
"5","2021.10.03","책을 읽고 꿈을 꿉니다. 달라구트 백화점에 꿈을 사러…"
"5","2021.09.29","추운 겨울 밤 체크 무늬 파자마에 털 슬리퍼를 신고 따뜻한 벽난로 곁에서 마시는 핫초콜렛 한 잔 같은 책이었어요. 해리 포터를 연상시키는 세팅과 묘사,인물 등이 많게 느껴졌는데, 그게 저는 싫지 않았습니다."
"5","2021.09.28","꿈을 꾸면서 느낄수 있는 설렘과 즐거움을 소설로 잘써놔서 흥미롭게 읽었어요 영화나 드라마로 나오면 재미있고 좋겠네요"
"4","2021.09.27","복집한 생각이 많을때 읽기 좋은 책 이에요 산뜻하고 가벼운 느낌을 주는 글이에요!"
"5","2021.09.24","4.5점을 주고싶네요 잔잔한 동화"
"5","2021.09.20","너무재밌게 잘 봤어요!! 동심으로 돌아간듯 빠져서 봤네요 어른을위한 동화!"
"2","2021.09.18","기대보다 별로….."
"3","2021.09.04","동화입니다. 그 이상을 기대하시면 많은 곤란함을 느끼실 거라 확신합니다. 갈등도 모험도 서사도 없습니다.  유치원에 다닐 때 즈음 자기 전 부모님께서 읽어주시던 동화책 같은 느낌입니다. 자기 전 동화라 생각하시고 읽으면 그냥 저냥 볼만합니다."
"5","2021.08.30","꿈속에 담겨있는 인생의 희노애락을 모두 느낄수 있었습니다."
"5","2021.08.30","보편적 꿈에 발칙한 상상을 얹어 구축해낸 매력적인 세계관"
"5","2021.08.25","판타지인데 우리의 삶이 너무 잘 묻어있네요 카페에서 읽으면서 울음 참느라 혼났어요????"
"5","2021.08.17","좋네요.. 한동안 악몽에 시달리다 책을 읽던 중엔 악몽에서 벗어나고 꿀잠을 자고있네요.. 이것또한 놀랍고 좋아요ㅎ"
"4","2021.08.10","쉽게 읽혀서 타임킬링 도서로 추천합니다. 흥미로운 소재여서 재미있게 읽었어요. 어린 친구들이 좋아할 것 같네요!"
"1","2021.08.07","초등학생들에게 추천합니다."
"5","2021.08.07","쉽게 읽히고 상상력을 자극하되 몽글몽글 아릿한 그리움도 건드리고마는 즐거운 책이었어요 2권도 읽어보고싶어요"
"3","2021.08.05","꿈에 대한 기분좋은 상상력은 있으나 통찰력은 느껴지지 않았다. 아기자기한 이야기들은 그 이상의 사고를 유발하지 못해 아쉬웠다. 특별한 이야기 같았지만 조금 더 특별할 필요가 있었다."
"5","2021.07.30","사랑스러운 이야기, 사랑스러운 등장인물, 마음이 정화되는 소설을 선물 받은 것 같다. 집에서 조용히 맥주 마시면서 이야기를 음미하기 좋은 책"
"1","2021.07.27","작가가 원래 하고 싶었던 이야기는 몇 쪽 안 되는 맨 마지막 장인 듯. 마지막 장의 두 장면만 빼고 억지로 분량 채우려 쓴 것처럼 지루하기 짝이 없는 이야기. 읽는 게 고역입니다."
"5","2021.07.26","마음이 따뜻해지네요"
"5","2021.07.24","재미있어요. 꿈에 대해 다시 한 번 생각해보는 계기도 됐네요. 꿈은 내 무의식의 세계가 나타나는 거라는데 내 무의식에 담길 나를 위해 오늘도 즐겁게 지내야 겠어요.^^"
"4","2021.07.19","꿈을 파는 가게라는 설정이 독특하다. 창의적이면서도 일상적이고 따뜻한 글"
"5","2021.07.11","너무 재미있고 사랑스러운 이야기"
"5","2021.07.08","잠자기 전, 상상력을 돋우는 책.  내용 자체는 잔잔한 흐름을 띄고 있어서 책을 읽다가 자거나, 시간을 때우는 용도로 편하게 읽을 수 있었습니다."
"5","2021.06.27","잠들기 전 책을 읽으며 잠드는편인데 술술 읽히고재밌었어요!"
"3","2021.06.25","재미있고 금방 읽히기는 한데 저한테는 단지 그뿐이였어요. 전달하고자 하는 메세지가 뭐지? 하는 생각이 드네요."
"3","2021.06.12","책장이 술술 넘어갈 정도로 소재가 흥미로우나 주인공 성격과 꿈 아닌 현실 내용들이 와닿지 않아서 조금 아쉬웠습니다"
"5","2021.06.11","책 한권을 이렇게 빨리 읽은적이 있었나 하는 생각을 들게했던 책이었어요. '나도 손님이 되어 매일 밤 꾸고싶은 꿈을 고를 수 있다면 참 좋겠다'는 행복한 생각을 해봅니다."
"5","2021.06.11","꿈에피소드들 마다 인물 들의 희노애락이 묻어나요. 자신의 삶에 만족하는 것, 할머니의 마끼아또 꿈을 생각하면 아직도 눈물이 도네요."
"4","2021.06.09","잠자기 전에 잔잔한 음악과 함께 노란빛 모드등 켜놓고 침대에서 읽다가 자기 좋은 책이에요.....딱 나른한 느낌??"
"3","2021.06.05","신선한 소재의 무난한 동화"
"5","2021.05.31","재미있게 읽었습니다. 마음이 따뜻해지는 판타지 소설이네요."
"4","2021.05.29","가볍게 읽을 수 있으면서 재미도 있었던 소설이네요!"
"2","2021.05.28","동화같네요 유치해요"
"2","2021.05.27","처음에는 너무 취향이 아니고 오글거리는 부분이 많아서 중간정도 읽다가 포기했는데, 독서모임 선정책이라 ... 다시 포기하지 않고 다시 읽어보니 .. 나름 재밌는 구석들도 있네요 군데군데 설정에 모순되는 부분도 있어서 갸웃하기도 하고, 인물들도 작위적인 부분이 있으나, 꿈이라는 공간을 채우는 작가의 상상력이 귀여웠습니다~ 하지만, 역시나 성인대상으로 보기엔 유치한 구석이 많아서.. 성인이 아니라 초중생들을 위한 책 수준으로  에피소드들의 수위를 낮추고, 모순되는 부분들을 좀 더 세심하게 수정해서  초중생 대상의 이야기로 다시 발매되면 좋겠어요."
"5","2021.05.26","꿀잼. 쉴사이없이 다 읽었고, 다읽은 사실이 아쉬워요."
"3","2021.05.24","잔잔하고 따듯한 소설입니다."
"4","2021.05.23","따뜻한 이불 안에서 누워서 보면 나도 꿈백화점에 있는 상상이 든다."
"4","2021.05.20","오감을 떠올리며 볼수있는 맛있는 책"
"5","2021.05.17","술술 재미있게 읽었습니다~ 그 와중에 욱컥 감정이 실리는 에피소드도 있었고~ 읽기 좋네요"
"5","2021.05.17","항상 잠을 잘때 꾸는 꿈들에 대해 궁금했었는데 이 책을 읽으면서 정말 나도 꿈을 백화점에서 사 오는 걸까? 라는 생각도 들고 여러모로 재미있는 책인것 같아요."
"5","2021.05.16","다양한 꿈에 관한 소재도 너무 좋고, 에피소드들도 울림을 주는 좋은 내용들이였습니다~ 재밌게 잘읽었어요"
"5","2021.05.16","한국에 이런 소설이 있었나 감탄하며 읽었습니다."
"4","2021.05.15","요새처럼 혼탁한 때에 마음편히 읽기 좋은 책."
"5","2021.05.13","눈물이 찔끔... 생각이 많아지게 하는 책이네요"
"5","2021.05.12","오랜만에 아주 재밌고 통통튀는 기발한 책을 읽었습니다. 마음이 따뜻해지고 괜시리 꿈이 꾸고 싶어지는 책이네요. 요 몇일 잠을 못자서 더 그런 것 같아요. 작가님의 차기작도 기대됩니다."
"5","2021.05.07","아기자기하고 귀엽습니다. 재미있게 읽었어요. 영화로 나오면 좋겠네요"
"3","2021.05.07","....유치합니다....ㅜㅜ"
"5","2021.05.05","간결하게 읽히는 가독성 좋은 문체에 페니 중심으로 알게 되는 달러구트 꿈 백화점의 이야기가 신선하면서도 친근하게 느껴졌습니다. 달러구트가 말하는 문장들이 가슴 깊숙이 와닿을 때도 있었어요. 만약 제가 꿈 백화점에 가면, 어느 층에 갈 지 상상하는 것도 꽤 재미있었고.. 시간이 지나서 다시 꺼내어 읽어보고 싶은 동화같은 이야기 였습니다. 잘 읽었어요:)"
"5","2021.05.03","중간까진 ‘내가 너무 기대했나?’ 라는 생각이 들정도로 지루했습니다 이후론 뒷이야기가 궁금해 빨리 읽혀졌고 정말 나도 꿈백화점을 다닐까 라는 재밌는 상상도 하게됐습니다 잘읽었습니다 작가님"
"3","2021.05.02","잔잔하면서 술술 읽히는 책이었습니다. 하지만 끝맺음이 딱히 없어서 조금 아쉽습니다."
"5","2021.04.21","이 책을 읽고 나서 침대에 누워 잠들기 전,  잠든 내가 달러구트의 백화점으로 찾아갈 것 같은 상상을 합니다ㅎㅎ"
"5","2021.04.19","소재도 신선하고 읽으면서 굉장히 기분이 좋아지는 책이에요 추천합니다!!"
"5","2021.04.18","소재가 너무 귀엽고 힐링이 되는 책이에요 한번쯤 궁금하게 느껴졌던 꿈의 세계가 정말 있을것만 같고 요즘 계속 꿈을 꾸었는데 저도 왠지 단골손님중에 하나가 아닐까하는 생각이 들었습니다"
"5","2021.04.17","책이 너무 귀여워요. 책을 통해 이런 세상을 만나볼 수 있어서 너무 행복했습니다."
"4","2021.04.14","포근한 환상동화같은 느낌이에요ㅎㅎ 진행도 내용도 잔잔해요"
"4","2021.04.12","용두사미. 뱀의 꼬리이긴 한데 그 뱀이 참 예뻤습니다."
"5","2021.04.12","매일 꿈을꾸는사람으로써 굉장히 흥미롭게 봤습니다.굿"
"5","2021.04.11","달러구트의 꿈의 백화점을 읽고 꿈에 대한 생각이 조금 바뀌었다. 어쩌면 그냥 무의식중에 꾸는 꿈이 나도모르는 사이 꿈의 백화점에 가서 내가 고른 꿈은 아닐까? 꿈의 제작자 이야기, 달라구트 이야기, 세제자 이야기 모두 새롭게 재미있었다.  밤에 잠을 청할때 오늘은 어떤 꿈이 기다릴지 기대가 되게 만들어 준 고마운 책이다.  외국소설일 것 만 같았는데~~ 우리나라 작가가 이렇게 멋진 소설을 쓰다니 ~~ 멋지다~^^*"
"5","2021.04.11","매끄럽게 읽히는 좋은 문장과 책속의 세계에 푹 빠질 수 있는 즐거운 시간이었습니다"
"5","2021.04.09","책 속 세계에 들어가고싶을반큼 몰입해서 재밌게 읽었어요!"
"5","2021.04.02","재밌는데 마무리가 없는 느낌"
"4","2021.03.31","가볍게 읽기 좋은 소설!"
"5","2021.03.30","낭만적인 이야기다.°∆°"
"3","2021.03.30","왜 그리 힛트쳤나는 모르겠다. 가볍게 읽기는 괜찮은데 맹탕. 굳이 찾아 읽을 필요를 못 느끼겠음. 그냥 이런 즐거운 소설이 늘어나는 건 좋음. 칙칙한 한국 소설 지형을 벗어나는 것이 좋아 별 세 개 줍니디."
"4","2021.03.30","잔잔한 인생 이야기가 좋네요."
"4","2021.03.22","볼만했다 감동도 받았다. 하지만, 초반에 조금 재미 없었다. 첫 진입하기가 힘든것 제외하고는 그런데로 볼만했네요. 독서를 좋아하는 분들에게는 추천을 하지만 그렇지 않은분에게는 추천이 망설어집니다."
"5","2021.03.21","nice book. i liked it very much,"
"3","2021.03.21","가볍게 읽기 좋은책.."
"5","2021.03.20","기분좋고 가슴 따뜻해지는 세계관에 흠뻑 빠져들어 읽었습니다."
"5","2021.03.17","너무 재밌고 계속 상상하게 하는 이야기네요! 그리고 꿈과 사람들의 인생이 연결되는 과정을 풀어낸 것이 신기하고 인상깊었어요❤️"
"3","2021.03.15","제목이 유명했던것 같아서 봤는데 특별이 엄청 재미있지는 않은데 잘 읽히는 잔잔한 이야기"
"5","2021.03.14","설램 한병을 찾아서 다행인데 갑자기 이야기가 끝겨서 아쉬워요 ~2탄도 만들어주세요~ 작가님!"
"5","2021.03.06","소재거리가 참신하네요. 2권도 나올듯"
"5","2021.03.05","인셉션을 구체적으로 설계하신듯 ㅎㅎ"
"2","2021.03.03","베스터셀러라는 게 믿기지 않는 지루할 때 읽을 만한 책"
"5","2021.02.28","오랜만에 너무 감동적인 소설이었어요. 설레고 흐뭇하고 감동적인 장면도 있는 재밌는 소설입니다."
"5","2021.02.24","때로는 잔잔하고 행복한 기분이 들고 때로는 다양한 꿈과 내용을 상상하는 재미가 있다. 그리고 먼저 떠나간 사람들이 꿈에 나왔을 때 기분,슬픔이 들었고 공감되는 책이였다"
"5","2021.02.24","현실세계에 있을 법한 등장인물이 몰입도를 높이네요. 어른들의 동화."
"5","2021.02.24","독자들 각각 다양하게 상상한 달러구트들이 궁금하네요. 이 책을 읽으면서 괜시리 꿈도 더 많이 꾸게된 것 같은 느낌적인 느낌! 강추해요!!"
"5","2021.02.24","마음이 따듯해지는 재밌는 책. 앉은자리에서 다 보게되는 마법... 가볍고 잔잔한 감동을 원하신다면 추천합니다"
"5","2021.02.21","초반에 설정 이해하는 부분이 좀 지루한가 싶었는데 그 뒤로는 엄청 잘 읽혀요. 이런 생각을 하는 작가님도 신기하고 그 이야기가 진짜 벌어지는 것처럼 설득당하는 제 자신도 신기했습니다. 재미고 있고 감동도 있었어요."
"5","2021.02.20","감동과 재미가 있는 소설! 잘 읽었습니다!"
"1","2021.02.19","지루하고 유치하다...나미야 잡화점의 기적이 유치 했다면 이 책은 안읽는 걸 추천 합니다"
"2","2021.02.19","이런 책도 베셀이 될 수 있구나... 아이디어는 굿!"
"5","2021.02.19","순식간에 다 읽었습니다. 꿈 꾸고 일어날때마다 이 책의 내용들이 생각나요~"
"5","2021.02.15","쉽게 읽을 수 있는 책, 쉼이 필요할 때, 읽기 좋아요 :)"
"5","2021.02.14","꿈가게가 있다면 그곳에서 일하고 싶네요~~^^"
"5","2021.02.14","이 책으로 인해 기분이 몽글해졌어요. 내가 정말 주인공이 되어 꿈백화점에 일하는 기분이 들게해주네요.  만약 다음 이야기가 나온다면 너무 기대되요!"
"5","2021.02.14","매일밤 꿈속에서 일어나는 일들을 새로운 관점에서 바라보게 해준 아주 소중한 책 입니다"
"5","2021.02.12","상상력이 좋네요. 재밌었습니다."
"1","2021.02.12","그냥 애들 보는 동화책 같은 느낌. 유치해서 반쯤 보다 덮음."
"3","2021.02.11","소소한 주제로 자극적이지않게 읽을만한책"
"5","2021.02.11","재미있어요 아쉽고 궁금한 점도 있지만 재미있는책."
"5","2021.02.10","가볍게 재밌게 읽었습니다. 고맙습니다. 심리적인 지지와 위로가 필요하다면 읽어보기를 추천합니다."
"5","2021.02.09","기분좋게 한권읽었습니다. 매일 누구나 꾸는 꿈이기네 더 흥미로웠어요"
"5","2021.02.09","마음이 따뜻해지는 책, 읽고나면 왜 이렇게 인기가 많은지 알 수 있는 책"
"5","2021.02.09","삶의 소소한 행복은 멀리 있지않다는걸 알려준 책이예요"
"5","2021.02.08","영화로 만들어지면 재밌을 것 같아요 ㅎㅎ 힐링되고 감동적인 책이었습니다"
"5","2021.02.07","애니메이션이나 영화로 만들어져도 멋질 것 같아요!!!"
"5","2021.02.07","막심 너무 귀여웠고... 소재가 참신하면서도 감동적이고 여러 생각을 하게 만드는 이야기들이에요! 앞으로 트라우마인 꿈을 꿔도 더 긍정적으로 생각할 수 있을 것 같아요 좋은 이야기 써주셔서 감사합니다 :) 완전 추천해요!"
"5","2021.02.06","신선한 소재 재밌게 잘 읽혀요"
"5","2021.02.06","정말 오랜만에 재미 있게 처음부터 끝까지 읽은 책이에요. 신선한 내용이라 정말 좋았어요!"
"5","2021.02.04","읽는 동안 현실에 찌든 마음이 순수함으로 정화 되었어요 재미있었습니다"
"3","2021.02.02","재미난 상상력을 가진 책!"
"3","2021.02.01","소재가 재밌어서 읽기 좋았다. 어렵게 서술돼 있지 않아 부담없이 읽기에 좋은 소설이었다."
"4","2021.01.30","'꿈을 판매하는 상점이 있다'  어리둥절 한 기분을 느끼게하는 이 문장이 이 책이 가진 주재료라고 생각합니다. 이북리더기를 구매하고 해리포터 시리즈를 읽은 후 한동안 기기를 이용조차 하지않았는데, 이 책을 읽고나니 제가 만족할만한 소비활동을 했다는 생각이 들었습니다.  매일밤 잠에 들고 아침에 깨는 지극히 당연한 섭리에 '꿈을 파는 백화점'이라는 설정을 덧붙인 작가님의 상상력이 존경스럽습니다."
"4","2021.01.29","잔잔한 감동이 있네요"
"1","2021.01.29","어디선가 본 거 같은 인물의 설정, 중간에 어울리지 않는 어휘 선택 등이 몰입에 방해가 됩니다. 최근 한국 영화의 단점으로 자주 꼽히던 신파요소까지 더하면 이 책이 왜 인기 있는지도 알겠고  또한 실망스러운지도 알겠습니다. 소장보다는 대여 혹은 유튜브 정리본을 보는걸 추천합니다."
"1","2021.01.28","웬만하면 리뷰 안 남기고 지나가는데 이 책은 좀... 이게 왜 베스트셀러인지 모르겠음. 식상함. 문장은 연마되지 않았고 묘사도 수준 이하. 글쓰기 갓 배운 학생들이 제출한 과제 읽는 느낌."
"5","2021.01.28","마지막 꿈 스토리에 눈물이 나와서.. 올해 즐겁게 본 책중 하나입니다."
"5","2021.01.27","상상력이좋아요잘봤습니다"
"5","2021.01.25","이런 한국소설을 읽고 싶은 겁니다."
"3","2021.01.25","전반적으로 잔잔하네요"
"5","2021.01.24","기뷴좋은책이에요 편하게술술읽혀서좋네영"
"5","2021.01.24","절 실망시키지 않은책!! 완전 추천"
"5","2021.01.21","한번도 생각해보지 못했던 꿈에 대한 이야기.. 신비로운 책이에요! ㅎㅎ 잘봤습니다"
"5","2021.01.19","반 정도 읽다 포기하려고 했는데 뒤가 더 재밌고 감명깊습니다. 중간까지는 너무 청소년권장도서 느낌이 다분해 지루했으나 타인의 삶 파트가 너무 인상깊었고, 예약하신 꿈 파트는 오래오래 기억에 남을 것 같습니다."
"4","2021.01.19","재미있게 읽었습니다. 베스트셀러에 이름이 눈에 뜨이길래 제목만 보고 외국작가의 책이겠거니 했는데 한국작가 책이라서 의외였어요. 꿈백화점이란 가상의 세계와 한국 현실과 어울릴까 했는데 전혀 무리없이 읽히네요. 출퇴근 하면서 재미있게 읽었습니다."
"5","2021.01.19","진짜 술술 잘 읽히는 재밌는 소설이였어요~ 읽는 내내 행복했답니다 :)"
"4","2021.01.18","어린 학생들이 읽기 좋은 책. 재미용으로 좋네요"
"5","2021.01.17","너무너무 재미있었어요 흥미롭고 ㅎㅎ  친구 추천하고싶네요"
"5","2021.01.17","가볍지만 결코 가볍지만은 않은 따뜻함이 있는 이야기"
"5","2021.01.16","순식간에 읽히는 책! 읽는 동안 꿈의 백화점 모습이 상상돼서 더 즐거운 책. 재밌어요."
"5","2021.01.16","웬만한 영화보다도 재미있는 책!! 공부하다 쉬는 시간에 핸드폰을 보는 대신 이 책을 읽었습니다ㅎㅎ"
"5","2021.01.16","종이책으로 구매해서 잠이 오지않을 때마다 읽고 또 읽고 싶은 책이에요. 잠들고 꿈꾸는게 무서웠는데, 읽을때마다 마음 따뜻해지면서 잠들 수 있게 해주는 책이에요."
"5","2021.01.15","자기 전에 한시간씩 읽게되는 부담없는 책이에요 마치 저도 꿈 백화점에 가본것만 같은 안락한 기분에 들게해줬습니다."
"5","2021.01.15","작가의 상상력이 돋보이는 소설.영화로 나오면 꼭 보고싶다는 생각"
"4","2021.01.11","참신한 세계관, 잘 읽히지만 그리 가볍지 않은 주제의식 여러모로 만족스러웠다."
"3","2021.01.10","한국 서적처럼 느껴지지 않는 이유가, 뭔가 문체가 굉장히 번역투스러운 부분이 많이 있기때문인 것도 같아요. 저는 개인적으로 어색하게 읽히는 문장이 많았어요. 아이디어나 스토리가 독특해요. 가볍구요. 그림있는 동화책으로 나와도 좋을 것 같고, 아이들이 읽기에 좋을 것 같아요."
"5","2021.01.09","잘 읽었어요 ㅎㅎ재밌었습니다"
"4","2021.01.09","가볍게 읽은 재밌는책입니다"
"5","2021.01.08","소설이 너무 귀엽고 막막 아파트뿌셔!"
"5","2021.01.08","신선했어요 캐릭터 모두 개성있고 이야기가 따듯해서 좋았네요"
"5","2021.01.08","딱 잠자리에 들기 전에 읽기 좋은 내용 같아요. 꿈 이야기를 원래 좋아하는 편이라 재미있게 읽었고 잠들기 전에 읽은 탓에 읽는데 오래 걸렸지만... 에피소드 별로 읽으면 금방 읽을 것 같아요. 결국 꿈 백화점에서 이 사람 저 사람 연결되는 구도가 좋았어요! 깊은 이야기는 아니니까 가볍게 읽으실 분들 추천!"
"5","2021.01.07","나름 신선한 아이디어와 잔잔한 눈물의 감동까지 재미있게 읽었습니다. 좋은작품 계속 부탁드립니다."
"3","2021.01.07","적당히 스치듯 읽을 때 좋을 거 같아요. 전반적으로 잔잔한 느낌이에요 근데 좀 작품 완성도가 뒤처지는 느낌이 있어요. 힐링물과 많은 감정소비를 싫어하시는 분에게 추천해드려요!!"
"3","2021.01.07","제 취향은 아니에요. ㅠㅠ 딱 10대, 20대 초반들이 좋아할만한 느낌. 평점도 좋고 베셀이라고 읽어봤는데 역시 취향을 타는 작품이네요."
"3","2021.01.06","적당히 흥미롭고 훈훈하지만 읽을거리 없을때 스치듯 가볍게 읽기좋은 어른을 위한 동화"
"4","2021.01.06","가볍게 읽기 좋아요"
"5","2021.01.06","꿈을 파는 백화점을 상상하는 자체가 재미 있네요 ^^ 왠지 이야기가 또 있을 거 같네요~~~~"
"5","2021.01.04","따뜻하고 아기자기한 기발함이 녹아있는 ..끝나가는게 아쉬운 책입니다"
"5","2021.01.03","단숨에 읽어 내려간 책이에요. 마음이 따뜻해지고, 뒤돌아서 생각하게 되는 것들이 많은 책이네요. 누군가에게 선물할 일이 있다면 이 책을 선물해주고 싶어요."
"5","2021.01.03","정말 재미있게 잘 읽었어용"
"5","2021.01.03","처음 남겨 보네요. 읽는 내내 오랜만에 많이 행복했습니다. 예상 외로 독자를 많이 흔드는 스펙터클한 책이네요!"
"4","2021.01.03","가볍게 읽기 좋은 어른용 동화"
"4","2021.01.03","창의력, 소재, 아이디어 등등은 100점인데 작가님의 필력이 못따라와주는 느낌. 소재의 참신함은 정말 좋은데 몰입력이 안따라줘서 읽다가 뚝뚝 집중력이 끊겨요ㅋㅋ 그러다가 궁금해서 또 꾸역꾸역 읽으면 또 내용은 좋아서 재밌고. 앞으로 이후의 작품이 더 기대되는 작가님이네요"
"1","2021.01.03","재미없던데요 .. 평점들이 공감이 안되네요."
"5","2021.01.02","역시 소설은 술술 읽히면서 넘어가는 맛이죠^^ 내용도 참신, 기발하고 따듯한 감동도 있네요~~ 전 마니 좋았어요^^"
"5","2021.01.02","별점이 짜네요. 술술읽히고 재미있었어요~! 자칫 유치할수도있는 내용이었는데 잘 풀어내신듯"
"5","2021.01.02","가볍게 읽기 좋아요. 후속편이 있었으면 하는 바램입니다. 개성적인 캐릭터들을 이렇게 떠나보내기 아쉽네요. 가끔은 이렇게 동화같은 책도 좋은것 같아요."
"3","2021.01.01","글쎄요~좀 지루한 듯ㅠㅠ 겨우 다 읽었어요"
"3","2021.01.01","설정은 있지만 주제는 없는 서사"
"5","2021.01.01","따뜻한 감동이 있습니다^^"
"4","2020.12.31","무난하게 따듯한 소설, 그 이상을 기대하면 실망할지도. 갈등이 없어서 기승전결도 없는 힐링 소설"
"5","2020.12.31","생각지도 못한 재미난 소재로 지어진 내용이라.. 시간 가는 줄 모르고 읽었습니다. 시간이 지나면 다시 한 번 읽어보고 싶네요~^^"
"5","2020.12.31","이 것이 한국 소설이었군요 처음으로 끝까지 읽은 ????  책 입니다 정말 재미있어요ㆍ  다시 읽고 싶어지는 책"
"5","2020.12.30","저자가 한국인인줄 모르고 읽다 마지막에 알았어요 재밌고 신선하고 술술 읽힙니다 추천해요"
"4","2020.12.30","한국소설인줄 모르고 보다가 놀랬네요. 가볍게 읽히는책입니다."
"5","2020.12.30","작가를 모르고 읽었더라면 일본소설일거라 샹각했을거예요. 한국인이 이런 상상적인 소설을 쓰셨더니 일단 독자로써 행복하네요. 읽을거리가 다양하고 풍요로워지는거니까요. 계속 상상의 나래를 펴서 다양한 이야기를 만들어 주세요."
"3","2020.12.29","소재만 참신합니다 !"
"5","2020.12.28","이 다음이 궁금해지는 소설이었어요. 재밌게 잘 읽었습니다"
"4","2020.12.28","오랜만에 너무 즐겁게 읽었네요 감사합니다~!"
"5","2020.12.28","잠자는 시간, 꿈꾸는 시간에 대해서 좀 더 생각하게 하는 책이었어요. 꿈을 자주 꾸는 편이라 더 와 닿았나봐요. 재미있었습니다."
"5","2020.12.27","어른들을 위한 동화 같았습니다. 책을 읽는 내내 화려한 배경과 백화점 내부 등 모든것들을 선명하게 상상할 수 있었습니다. 읽는 내내 행복했으며 내가 꾸었던 꿈들에 대해서도 다시 생각해 볼 수 있었습니다. 제 인생에서 아주 큰 트라우마로 남은 사건이 매번 꿈에서 똑같이 재생될때마다 괴로웠는데 이제는 괴롭다고 느끼지 않고 극복할 수 있게 용기를 주네요.."
"5","2020.12.26","최고의 소설이네요 마지막엔 눈물 한바가지 흘렸어요"
"5","2020.12.26","이 소설을 읽은 후 꿈을 꾸면 나의 오늘 꿈값은 뭘까 ? 라는 생각에 행복합니다"
"4","2020.12.26","이젠 악몽을 꾸더라도, 달러구트에게 자신감과 자부심으로 꿈값을 지불한 채 더이상 무서워하지 않을 것 같다."
"5","2020.12.25","마치 디즈니 픽사의 영화를 보는듯한 기분이였어요! 아기자기하고 재미있습니다!"
"5","2020.12.22","간만에 재밌게 봤습니다"
"5","2020.12.22","상상력이 풍부하네요"
"5","2020.12.22","달러구트는 이름이 달러구트지만 이정재가 너무 잘어울릴 것 같다. 내내 이정재로 상상하면서 읽음 ㅋㅋㅋ 시리즈로 다음권도 내주세요. 작가님!"
"5","2020.12.21","첫 작품이 이정도 수준이면 앞으로가 더욱 기대되는 작가입니다. 꿈이라는 추상적인 소재를 구체적으로 공감할수 있는 소재로 잘 표현했네요!"
"5","2020.12.20","상상력 감탄스럽고 드라마로 나오길 바랍니다!!!"
"5","2020.12.19","한국의 조앤롤링 아닌가요? 상상력이 대단하네요. 흥미롭고 감동적이고 인상깊었어요. 읽으면서 다양하게 상상할 수 있어서 좋았어요. 시리즈로 나와도 넘 좋을 것 같고, 시리즈로 나올 수도 있을 것 같고, 꼭 시리즈로 나오고 영화로도 나왔으면 좋겠어요. 정말 잘 읽었습니다~~"
"3","2020.12.19","책내용은 좋지만 마무리가 맺어지지 않은 느낌"
"4","2020.12.19","드라마로 나오면 좋을 거 같아요.  당연히 우리나라 소설 아닐거라 생각했는데 놀랐어요.  읽는내내 상상하게 되서 좋았습니다^^"
"4","2020.12.17","개인적으로는 아주 만족스럽게 읽고 친구한테 선물할 정도였습니다. 다만 처음에는 작가가 한국 사람이 아니라 외국 사람이고 번역한 책인 줄 알았습니다. 번역체 때문에 가독성이 떨어지고 하고 싶은 말에 비해 가볍다는 느낌이 어쩔 수 없이 드는 것 같습니다."
"5","2020.12.16","가볍게 읽어넘기던 책장에 어느순간 깊이 빠져버려 나의 일상을 대입하고 있었다. ‘내가 그랬는데!’ 공감하면서 혹시 정말 꿈백화점이란게 존재하지 않을까 하는 찰나의 재밌는 생각도 해보고.   읽다보면 느끼겠지만 이 작가님의 상상략과 창의력은 어디까지일까 그저 놀랍기만 하다. 그럴듯하지만 누구도 쉽게 생각해내지 못하는 상상에 상상일 뿐인데 독자가 공감하게하고 피식피식 웃게만드는 능력은 정말 대단하다!"
"5","2020.12.16","마음이 몽글몽글해지는 책이내요☺️"
"4","2020.12.16","완벽해보이지만 완벽하지않는,완벽할수없는 것.... 우리의 삶 그러기에 무엇이든 가능할것이다!! 죽은후 가족이나 사랑하는 누구에게 꿈을 배달.. 너무좋은발상"
"5","2020.12.15","드라마나 영화로 만들어도 너무 좋을것같아요! 언제 다읽었나싶게 시간이 후딱 지나버렸네요. 오늘 밤엔 저도 꿈 백화점에 들러 좋은꿈 사고싶네요♡"
"4","2020.12.15","독특한 주제와 아이디어의 판타지물에 그치는 것이 아니다. 짠한 여운이 좋다."
"4","2020.12.15","가볍게 읽기 좋았어요. 다양한 연령대가 읽을 수 있고 공감할 수 있는 내용. 사실 꿈이 기분 좋았던 적이 단 한번도 없어서 저는 달러구트씨가 이상한것만 판건지 아니면 제가 매번 늦게 잠이 들어 달러구트 백화점 말고 요정들이 파는 싸구려 꿈을 산건지 알 수 없네요. 책을 읽으면서 언젠가 이런 멋진 꿈을 꾸게 된다면 내 생활이 좀더 활기차게 되지 않을까 하는 생각이들었어요."
"5","2020.12.15","삶에 지친 어른들을 위한 동화!"
"4","2020.12.14","""어른을 위한 동화책""이라는 평가가 딱 맞는 책입니다. 꿈에 대한 기발한 상상력과 우리가 꿈에 대해 어렴풋이 생각해왔던 관념들을 엮어서 아주 재미있게 표현했습니다. 매우 쉬운 단어로 구성되어 누구나 쉽게 읽을 수 있고, 메시지들도 명확합니다.   자극적이지 않아서 깊은 몰입감을 주지는 않지만, 그런 책들이 주는 느낌과 또 다른 따뜻한 감정을 느끼게 해주는 책입니다."
"5","2020.12.11","킬링타임용 깊은내용보단 가볍게 읽히는 책"
"5","2020.12.10","읽으면서 연락하고싶은 사람들이 많이 많이 생각 났어요 잔잔하게 느껴지는 이 감정이 너무 좋아요"
"5","2020.12.09","편하게 읽기 좋았어요. 마지막 내용이 마음에 많이 남는거 같네요."
"5","2020.12.09","잔잔한 여운이 있는 책이에요"
"4","2020.12.08","잔잔한 어른을 위한 동화책이에요.  뒤쪽 페이지편에 손자와 할머니에 관한 꿈 섹션에서는 한국에 계시는 어머니 생각이 나 눈물이..ㅎㅎ..오늘 전화 드려야 겠어요."
"4","2020.12.08","소설의 질을 떠나서 한국작가의 책이라는데서 놀랐음.  그리고 킬링타임용 책이나 동화책으로는 진짜 좋은 것 같음."
"5","2020.12.07","작품성이 최고는 아니라도 잔잔하니 겨울에 따뜻한 차 한잔 하면서 읽으면 좋은 책 같아요. 작가님 다음 책도 기대되요."
"5","2020.12.07","그냥 잔잔하게 읽기 좋은 소설 동심으로 돌아가는 느낌도 있고, 꿈에대한 생각의 전환 같은 소설이였다. 내 눈꺼풀저울은 누가 항상 만지나봄..."
"4","2020.12.06","후다닥 읽기좋은 소설, 조금 유아소설 같은 느낌도 있네요."
"4","2020.12.05","초반에는 좀 지루했는데. 전개되는 스토리 상상력이 나아지면서 꿈과 현실의 이어지는 에피소도를 재미있게 읽었네요"
"5","2020.12.02","정말 상상력이 대단한 작가입니다... 가볍게 읽기좋아요"
"4","2020.12.02","감정을 자극하는 신비로운 동화"
"5","2020.12.01","좋아요 다시보는책ㅇ에요"
"5","2020.11.30","해리포터의 호그스미드에 나오는 위즐리 형제의 장난감 가게를 보는 것 같은 느낌이 들었어요.   신입사원인 페니가 첫 입사하는 두근거림부터 고객이 꿈으로 좋은 결과를 얻었을 때 느낀 뿌듯함까지. 나이먹고 느끼기 힘든 감정을 다시 느낄 수 있었습니다.   이제 악몽 꿔도 별로 안무섭겠네요. ㅎㅎ"
"1","2020.11.30","이책이 왜? 누구 설명좀 해 주세요. 낚인기분이"
"5","2020.11.30","나도 내가 원하는 꿈을 사서 꾸고싶다"
"5","2020.11.28","편안하게 보기에 좋은 소설이네요. 금방 다 읽었어요. 중간중간에 좋은 구절들이 있어서 마음에 와닿았어요. 가슴이 따뜻해지기도 하고 편안해지는 소설이었습니다."
"5","2020.11.27","크리스마스가 다가오는 계절에 어울리는 책인거같아요 재밌게 읽었습니다 개인적으로 감성이 잘 맞네요"
"5","2020.11.26","2020년을 한 달 남긴 때 보게 된 책, 추운 날 마음이 너무 따뜻해졌다.  이 글은 마치 나를 옛날에 꿈꾸던 꿈 속으로 들어가게 해 주었고, 어릴 떄부터 봐온 만화와 영화 속으로 들어가게 해주었다. 하지만 무엇보다 책이기에 더욱 행복했던 건 상상할 수 있어서 너무 좋았던 것이다.  판타지 같은 세계 속에 마냥 판타지만 있는 것이 아닌, 나와 비슷한 경험을 갖고 있는 인물들이 등장해 더욱 그 백화점에 내가 들어가 있는 것 같았다.  그 안에서 위로를 얻고 꿈을 찾아 너무 따뜻한 독서 시간이었다.  감사해요 !"
"5","2020.11.23","해외시장에 내놓아도 손색없는 스토리 전개와 탄탄탄한 구성. 한국형 판타지의 전형이 될 것 같습니다."
"5","2020.11.22","책 리뷰 처음 남겨 봅니다. 한국형 해리포터라는 말이 절로 나오는 몰입감을 선사해주신 작가님께 감사 드립니다. 종이책으로도 사서 우리 딸이 크면 나중에 보여줘야겠다는 생각이 들 정도로 재밌고 감동도 있고 교훈도 있는 좋은 책입니다."
"1","2020.11.22","이책왜유명한지 모르겠어요 . 왠만하면 책 다 재밌게 읽는편인데 이책은 뭐랄까. 억지같은 느낌의 책이였어요"
"5","2020.11.22","참신한 소재와 마음이 뭉클해지는 간만에 술술 읽히는 소설이었네요!"
"5","2020.11.21","한편의 동화를 읽은 것 같네요. 이미예 작가님 응원합니다."
"5","2020.11.20","정말 재밌게 봤어요! 독특한 소재임에도 굉장히 편안하게 술술 읽혔어요."
"5","2020.11.20","참신한 소재로 재밌게 읽었네요 부담없이 읽을수 있어서 좋았어요^^*"
"5","2020.11.19","기대하지않았는데 재밌었습니다"
"4","2020.11.19","어른들을 위한 동화같은 이야기. 뭉클한 에피소드와 따뜻한 소설입니다. 가볍고 편안하게 읽기 좋은 책입니다."
"5","2020.11.19","내가 상상해내지 못한 공간과 시간을 만들어준 책. 한 번도 만나지 못했던 공간을 눈으로 보는 것처럼 만들어주는 책. 독특한 소재와 이야기들이 잔잔하게 담겨있어요. 따뜻하고 재미있어요."
"1","2020.11.17","신기한 이야기가 있을줄 알았지만 소재만 신기했다. 책중반부에 가서는 소재마저 식상해져버린 느낌"
"5","2020.11.16","잔잔하고 감동적이에요. 오랜만에 재밌는 소설하나 읽었습니다:)"
"5","2020.11.15","봄바람같이 설렘 가득한 이야기들이 줄어드는것이 안타까워 아끼고 아껴가며 읽었는데 마지막챕터에서 울고말았네요 ㅜㅜ 여운이남습니다"
"4","2020.11.15","술술 편하게 읽혔습니다"
"5","2020.11.14","이야기가 따숩고 행복하고 어떻게 이런 생각을 해내셨는지 창의력이 대단하세요! 글이 술술 읽혔고 재밌었어요! 저도 꿈 사고 싶네요~"
"5","2020.11.13","처음에는 뭔가 싶어서 중단할까 생각했지만 신기하게도 계속보게되는 책. 웃다가 울다가 잘보고 갑니다"
"5","2020.11.09","꿈에서 깬 아침에 내가 어떤 꿈을 사러갔었던걸까 생각하게 해주는"
"2","2020.11.07","발상은 기발한데 너무 동화같다고 해야할까? 저는 좀 실망이었네요."
"5","2020.11.07","읽으면 읽을수록 스토리에 빠지게 되네요, 동화를 읽고 있는것 같은 느낌도 들었고 현실과 상상속 세상을 왔다갔다 거니는 느낌이였어요. 너무 재미있게 읽었어요. 중간에 짧은 한스토리에서는 눈시울이 살짝 붉어지기도 했어요."
"5","2020.11.06","주변에도추천할만큼재미있었습니다!"
"1","2020.11.05","너무 멋부린 문장때문에 매끄럽게 읽히지않아요... 해리포터식 묘사와 표현을 어설프게 따라한느낌.... 제목보고 기대해서그런지 너무너무 실망스러워요..."
"5","2020.11.05","책 읽는게 힘든 분도 이 책은 한 번에 다 읽을만큼 매력적인 내용입니다"
"5","2020.11.05","제 인생 소설이에요. 작가님 제발 시리즈로 내주시길..ㅜㅠ"
"5","2020.11.04","내내 재밌게 읽다가 마지막에는 코끝이 찡해지네요 왜 인기작인지 알겠습니다"
"5","2020.11.04","재밌어요! 영화로 만들어졌움 좋겠네여 ㅎㅎ"
"5","2020.11.02","너무재밌게잘읽었어요 정말시간가는줄몰랐고, 진짜이런곳이있었으면 생각하게됬어요^^"
"5","2020.11.02","술술 읽히는데다 재미도 감동도 가득이었어요. 누구에게나 추천해주고 싶은 소설입니다. 시리즈로 계속 나왔으면 좋겠어요~!"
"5","2020.11.02","올해 읽은 책중에 가장 재밌고 감동적인 책이었어요.  다시 또 읽으려구요????"
"5","2020.11.01","평 잘 안쓰는데.... 올해 최고의 책이었습니다. 어린시절로 돌아가 정말 재미있는 동화를 읽는 기분이었어요. 앞으로 잠들 때 마다 이 책의 이야기가 생각날 듯 합니다."
"5","2020.10.30","그리운 꿈처럼 달콤하고 맛있는 소설"
"5","2020.10.30","잘 읽었습니다. 보는내내 훈훈 따뜻한 맘으로 본것같아요. 마지막까지도.... 첨에는 세계관이 너무 독특해서 좀 이해를 못했지만, 금방 머릿속으로 상상하며 내가 그린 인물들을 상상하며 읽고 있었네요 ㅎㅎ"
"5","2020.10.30","문장 하나하나가 아름답고 기억에 오래 남아서 다시 읽고 싶은 책입니다. 이번 년도에 읽은 책중 재일 제밌게 읽은 책일듯 싶습니다"
"5","2020.10.29","소설은 잘 못읽는데 술술 읽혔어요."
"5","2020.10.29","한동안 헤어 나오기 힘들 정도로 여운이 남는 책이었습니다. 읽는 것만으로도 힐링을 느끼게 해준 책은 정말 오랜만이네요."
"4","2020.10.28","가볍지만 쉽게 빠져듭니다. 마지막에 눈물 흘리게 하네요.  시즌제 드라마로 나오면 좋을 것 같아요."
"4","2020.10.28","꿈에 대해 나도 관심이 많은 편이다. 그런데 꿈의 다양함, 꿈의 진행과정, 꿈이 나에게 어떤 영향을 미치는지 등을 이렇게 완벽한 이야기로 풀어낼수 있다니 놀랍다.  디즈니같은 곳에서 영화화 되었으면 좋겠다."
"5","2020.10.28","소설의 매력을 느끼게 해 준 책.  꿈의 소중함을 느끼게 해 준 책.  또 읽고 싶은 책."
"5","2020.10.28","옹해 읽은 소설책 중 최고입니다"
"5","2020.10.27","잘알고있는 꿈을 또다른 세계로 둔것부터가 참신했다 즐겁고 슬픔이 아주 조화롭다 책으로 남기고싶은"
"5","2020.10.27","지치는 일상에 잠시 쉼표가 되어주는 책이네요. 오늘은 퇴근하고 푸욱 자야겠습니다."
"5","2020.10.26","꿈을 판매한다는 신선한 소재에 재밌는 이야기가 잘 녹여져 있는 소설! 뿐만 아니라 다채로운 등장인물들과 사건사고가 재밌다! 등장인물들의 네이밍이 재밌다. 달러와 페니부터 스피도, 웨더, 모태일(못해 일) 등 ㅋㅋㅋ 작가님의 재치넘치는 작명센스가 소소한 웃음을 머금게 해주었어요!"
"5","2020.10.25","어렵게 쓴 글이 아니라서 장르소설처럼 술술 읽히는데 어른의 동화 같은 느낌으로 마음이 평화로워지네요. 좋은 글이라는 생각이 들어요."
"5","2020.10.23","구독하는 유튜브 채널에서 언급해서, 읽어봤는데.. 요즘 힘든 마음이 힐링되는 기분이었어요. 주옥같은 구절들을 읽으면서 시간과 삶의 의미를 되돌아볼 수 있었어요. 강추 합니다."
"5","2020.10.22","미친책 보다가 5번 울었어요"
"4","2020.10.22","이소설은 어른들을 위한 동화같다는 생각이 듭니다. 가슴을 따뜻하게 하고 설레고 슬프고 기쁘고 행복하게도 합니다. 저도 보고싶은 사람이 있어서.. 꼭 한번 꿈백화점에 가보고 싶습니다."
"4","2020.10.22","오랜만에 입가에 미소가 지어지는 따스한 소설입니다^^"
"5","2020.10.21","꿈에 관한 달콤한 상상 자기 전에 읽기 너무 좋았어요."
"5","2020.10.20","4.5 점 정도! 손님들 내용을 좀 더 탄탄하게 500페이지 정도였으면 더 좋았을 것 같아요 짧게짧게 끝니서 조금 아쉽네요.. 도제 에피소드가 제일 좋았어요 연말에는 안나가고 애기들이랑 있어주는 걸로.. ㅜㅜ"
"5","2020.10.20","외국소설과 한국소설이 절묘하게 섞인 느낌입니다 뭔가 이국적이면서도 익숙한 느낌으로 다가와 아주 신선했어요 읽고나니 마음이 따뜻해지네요"
"5","2020.10.18","오랜만에 기분좋은 상상을 경험할 수 있었습니다  익숙한 상황과 장면에 공감할 수 있었고  가벼운 듯 다가와 묵직한 교훈과 감동을 얻어갑니다 마음 따뜻해지는 소설  강추!!"
"5","2020.10.18","따뜻하고 포근한 책이에요 완전 몰입해서 읽다가 울었네요...ㅠㅠ"
"5","2020.10.18","울어버렸습니다ㅜㅜ 포근하고 위로해주는 느낌이라 참 좋았습니다."
"4","2020.10.15","되게 금방 금방 읽히고 나오는 이야기들이 굉장히 현실적이라서 공감이 됩니당"
"4","2020.10.15","내용은 한국적인데 배경이나 설정이 외국느낌인데 위화감이 없네요. 읽다가 울뻔했어요."
"4","2020.10.15","오랜만에 밝고 유쾌하고 잘 짜여진 소설을 읽었네요. 잔잔하게 재밌는 책이었습니다."
"5","2020.10.15","도저히 한국작가가 썼다고 하기엔 문체나 내용들이 너무 신선하고 감동적이네요. 이 작가님의 앞으로의 행보가 기대됩니다.다음작품 하루빨리 만나길 기대해요."
"5","2020.10.14","책보고 울었다는 후기 보고 보는 내내 대체 어디서 울어야 하나 고민했는데 마지막에 폭풍오열햇어요 눈물이 또르르"
"5","2020.10.14","시간가는줄 모르고 재미있게 읽었습니다."
"5","2020.10.13","책을 읽는동안 꿈을 꾸게되면 내가 백화점가서 사온 꿈일까? 그렇다면 왜 산걸까? 등등 재밌는 상상을 하게되었습니다. 페니와 만나서 이야기하는 상상하면 시간가는 줄 모르는것같아요~"
"5","2020.10.12","한국신 소설에서 많이 못본 설정인데 한국배경이라 친숙합니다 구성 설정 주제 다 재밌게봤어요"
"5","2020.10.11","읽는 내내 너무 행복한 시간들이여서 아껴읽고 싶은 책이었어요. 많이 울기도 했고, 설렘을 느끼기도 했어요. 저는 아마 이 백화점의 단골손님일것 같네요. 작가님을 꼭 만나뵙고 싶은 소설이었어요. 좋은 글을 써서 세상에 내주셔서 감사합니다."
"5","2020.10.11","이 소설처럼 꿈을 사고 원하는 꿈을 꿀 수 있다면 즐겁겠네요. 오랜만에 엉뚱한 상상을 하게 됩니다"
"5","2020.10.10","dollar good 달라 좋아  조상님이 미국인 이셨군요!"
"5","2020.10.09","재밌어요 끝이나는게 아쉽네요"
"5","2020.10.08","재밌어요 잔잔하지만 빠져들게하는 매력의 이야기들이 펼쳐져있습니다, 판타지요소가 섞인만큼 상상하는 것도 즐거웠습니다."
"5","2020.10.07","8년의 무명생활을 어떻게 견딜까? 지금 내 마음이 딱 그 마음 같다. 남보다 뒤쳐진 것 같은 나날들. 초딩 애들 읽혀도 좋겠다. 기발한 소재의 책이다."
"5","2020.10.04","잠들기 전에 읽기 좋은책이에요. 재미있게 읽었습니다 ~~"
"4","2020.10.04","재밌게 읽었어요~~"
"5","2020.10.03","참나ㅠㅠㅠ 청소년 도서 보고 아직도 이렇게 운다 증말ㅠㅠ"
"5","2020.10.02","어른이 읽어도 재밌네요."
"5","2020.09.29","작가의 상상력과 내용의 삼박함이 오랜만에 웃으며 울며 책을 읽는 순간이 행복하다는 걸 느꼈습니다. 오랜만에 밝은 책을 읽으니 기분이 좋네요."
"3","2020.09.28","가볍고 앉은자리에서 후루룩 읽을 만한 소설이에요. 아기자기한 상상력, 큰 악역이 없는 따뜻한 꿈나라 세계를 둘러본 느낌이에요. 다만 '2번 다시', '기회를 1번 더' 같은 기본적인 맞춤법이 틀린 부분이 수정되었으면 좋겠네요. 재미있게 읽다가 몰입이 와장창 깨졌습니다ㅠㅠ"
"3","2020.09.28","쉽게 술술 읽히고 오랜만에 '재미있는' 소설을 읽었어요. 다른 평점들처럼 정말 딱 청소년 소설같은 느낌이에요. 생각하지 않아도 되는 설명 다 해주는 친절한 소설"
"5","2020.09.27","너무 마음이 편안해지는 이야기에요ㅎㅎ 작가의 상상력에 놀라고 갑니다ㅎ"
"5","2020.09.27","표지가 이뻐서 읽기 시작했는데 여운이 남을정도의 감동..진짜 너무 재밌고 마지막에는 너무 슬퍼서 울음이 나올정도.."
"5","2020.09.27","오랜만에 너무 재미있게 읽음 책입니다. 좋은 책 감사드려요^^"
"5","2020.09.26","와... 엄청 울어서 눈 아픕니다 ㅜㅜ 너무나 아름답고 환상적인 이야기였어요. <마침>이란 두 글자 보고 슬펐을 정도로요"
"5","2020.09.26","처음에는 그냥 읽어보자였습니다만 읽다보니 상상력에 놀라고 내용이 가슴에 와 닿아 눈물도 글썽이게 되더군요. 잘 읽었습니다. 작가님!"
"5","2020.09.25","책을 읽으면 이렇게 까지 마음이 편안했던 적이 없는 것 같아요 너무 편하게 잘 읽었습니다"
"5","2020.09.25","앉은 자리에서 순식간에 다 읽었어요! 어떻게 이런 상상을 할 수 있을까??"
"4","2020.09.25","마치 해리포터같이 판타지인게 분명한데 눈앞에 생생하게 그려지는 흥미로운 소설이네요  한국에도 이런 글을 쓰는 작가님이 계신다니 신기했어요"
"5","2020.09.24","에피소드 하나하나가 주옥같아요 ㅎㅎ 2편으로 전설의 제작자들의 과거얘기나 막심과 페니의 로맨스도 보고 싶네요"
"5","2020.09.24","진짜진짜 재밌게 읽었어요. 매 에피소드가 톡톡 튀고 생각을 깊게 만드는거같아요. 장기 연재로 했어도 성공했을 책. 외전 더 보고싶어요ㅠㅜ"
"5","2020.09.23","재밌어요 꿈에 대해 이런 생각을 하게 되다니"
"4","2020.09.22","재능있는 아마추어 작가의 환영할만한 데뷔작. 작가가 자신이 잘 아는 소재와 경험을 재료 삼아, 고지식할 정도로 솔직하게 창작했다는 점만으로도, 이 책은 많은 독자들에게 사랑받을 자격이 있다. 창작 테크닉이 서투른 건 아무런 문제가 되지 않는다. 초보 작가가 제일 많이 반복하는 실수에서 영리하게 벗어나 있는 힐링 판타지."
"5","2020.09.21","자기 전에 조금씩 아껴서 읽었어요^^ 좋은 꿈을 꿀 수 있을 것 같은 책이예요^^"
"5","2020.09.21","진짜 너무 재밌다..말이 안나온다 ㅜㅜ 인생책 이에요  소장가치 있어서 책으로 사야겠어요"
"5","2020.09.20","좋아요 흡입력 좋은 책"
"5","2020.09.18","최근 읽은 책 중 가장 꿈같은 이야기에요. 꿈백화점에 들어갔다 온것만 같아요. 동심도 있고 감동도 있는 행복한 책입니다 ㅎㅎ 하루만에 술술 다읽었어요"
"5","2020.09.18","감동이였습니다. 여러번 읽게될 도서가 될것 같습니다"
"5","2020.09.17","재미있게 편안히 읽었습니다. 오늘의 전 무슨 꿈을 구매하게 될까 궁금하네요 ㅎㅎ"
"5","2020.09.16","편안하게 읽기 좋은 책입니다 세계관도 특이해서 읽는 내내 즐거웠어요"
"5","2020.09.15","마음이 편안해지는 책. 힘들땐 달러구트 꿈백화점에가서 위로받고싶네요^^"
"5","2020.09.15","몽글몽글 따뜻한 분위기의 동화"
"5","2020.09.15","포근하고 사랑스러운 분위기"
"5","2020.09.14","술술 잘읽었네요 다 읽고나니 제가 페니가 되어 긴꿈을 꾼듯한 느낌이에요"
"5","2020.09.13","재밌어요 ㅎㅎ 근데 문체는 많이 간결해서 약간 어려지는 느낌이네요"
"5","2020.09.11","이 책을 읽고있으면 마음이 너무 편안해져요 세계관도 특이해서 흥미롭게 읽었습니다"
"4","2020.09.11","대여 이벤트로 저렴한 가격에 봤는데, 예상보다 재밌었습니다."
"4","2020.09.11","리뷰 많이 보고 읽으면 재미가 반감됨;"
"5","2020.09.10","읽는내내 따뜻했고 꿈을 꾸는 것 같았습니다, 오랜만에 술술 읽히는 글들 이였고 문장이였습니다. 책을 신중히 고르고 읽고 또 끝을 맺을 때 ..행복한 기분이 드는 게 얼마만인지 모르겠네요, 상상하며 읽는 소설을 너무 좋아하는데 제게 꿈꾸는 시간을 주셔서 감사합니다 작가님"
"5","2020.09.09","세계관이 너무 예쁘고 포근해요 상상할 거리도 많구요! 전 대여로 읽었지만 조만간 구매할 생각이에요 소장하고 싶은 세계관과 이야기"
"5","2020.09.09","술술읽히는 너무 재미있는책! 흥미로워서 뒷내용이 자꾸만 궁금해지는책이에요ㅠㅠ 끝나는게 아쉬울만큼 재미있었습니다-!"
"5","2020.09.09","오랜만에 읽는 마음이 따뜻해지는 책이였어요! 가족한테도 추천할거에요 :)"
"5","2020.09.08","따뜻한 이야기. 술술 읽혀서 재밌고 흥미로운 세계관이네요"
"5","2020.09.08","재밌고 술술 읽혀요 어렵지 않으면서 교훈적이기도 하고요 판타지이나 터무니 없지 않고 과하지 않으면서 흥미로워요 한국 작가라는 부분에서 더 감탄을 금치 못합니다"
"5","2020.09.07","재밌었어요! 따뜻한 책!"
"5","2020.09.06","책이 넘기기 아쉬울 정도로 재미있습니다. 정말 해리포터랑 비슷한 분위기에요. 다음권도 있었으면 좋겠어요ㅠ"
"5","2020.09.06","따뜻하고 신비롭고 뭉클하고 재밌었어요 작가님 돈길만 걸으세요 ㅜ"
"5","2020.09.06","꿈을 꾸고난 후의 감정이 얼마나 중요하고 가치있는지 느꼇어요"
"5","2020.09.05","정말 재밌게 읽었어요 술술 읽히네요"
"5","2020.09.05","황홀한 여정이었습니다."
"5","2020.09.04","무엇보다 마지막에 지은이가 우리나라 사람이라는 게 가장 소름 돋았다"
"5","2020.09.03","처음에 책속에서 한국이름이 나오기 전까진 한국작가가 쓴거라고 생각을 못했어요. 꿈백화점이라니 재미있고 신기한 소재로 이야기를 풀어내서 재미있게 읽었습니다. 청소년이 아니고 성인이 읽어도 재밌게 읽을 수 있어요."
"5","2020.09.03","가볍게 읽기 너무 좋아요. 꿈에 대한 환상이 생기네요. 실사화 하면 정말 좋겠는 소설이네요. 오늘 밤 저도 꿈 백화점에 가보고 싶어요."
"5","2020.09.03","저도 가고싶네요~~~"
"5","2020.09.02","마음이 따뜻해지는 책 :)"
"5","2020.09.02","꿈에대해 더 깊게 생각 해 볼 수 있었습니다. 제가 자각하지 못할 뿐, 이런 삶에서 살고 있을 수도 있겠네요."
"5","2020.09.02","마지막 이야기는 보다 울었네요. 외국 도서인줄 알고 와 현지화가 잘 되어있구나 했는데 마지막에 적힌 작가 이름에 놀랐어요."
"5","2020.09.01","너무 새롭고 놀랍고 대단하다는.... 깊은 삶의 의미를 가볍게 동화처럼 느낄수 있었습니다."
"5","2020.09.01","꿈의 세계에 대해서 다시 생각해 볼 수 있는 좋은 시간이었어요. 꿈 백화점에 입장할 수 있는 시간이 무척이나 기대됩니다! 이제 일찍 자려고요~~"
"5","2020.09.01","따뜻하고 발랄한 동화소설"
"4","2020.08.31","읽는 내내 한편의 애니를 보는 것 같고 생기발랄한 동화를 읽는 기분이 든다. 꿈...꾸는 행위가 인생의 길잡이며, 해결사, 안식처 등의 삶의 투영이라고 느껴지게 만듭니다. 극적인 반전이나 큰 사건이 없지만 중간에 책을 덮을 수 없게 만드는 잔잔한 재미가 있습니다."
"5","2020.08.30","이 책 덕분에 자기 전에 무슨 꿈을 꾸게 될지 기대되네요 ㅠㅠ ❤❤"
"5","2020.08.30","머릿속에 구연동화가 펼쳐지는 책 소설이란 의미가 걸맞는 작품입니다."
"5","2020.08.29","너무 좋은 따뜻한 책이네요"
"4","2020.08.27","따뜻한 이야기. 아쉬운 부분도 있지만 좋은 부분이 더 많았어요."
"5","2020.08.27","작가분은 어떻게 이런 생각을 하시었는지... 덕분에 잠들기전에 좀 설렙니다. ^^"
"5","2020.08.26","어떤 꿈을 꾸든 이 책 덕분에 괜찮을 것 같아요 선물하고 싶은 사람이 많은 책이에요"
"5","2020.08.26","기분이 좋아지는 소설이었어요 꿈얘기도 누구나 겪어봄직한 꿈들을 소설화해서 신기하고 재밌었어요"
"4","2020.08.25","재밌게 술술 읽다가도 깊이 생각하게하는 공감되는 구절이 있어요"
"5","2020.08.24","정말 영화로 만들어도 좋을만큼 예쁘고 참신한 아이디어가 있는 소설! 넘 재밌었음 ㅎㅎ"
"4","2020.08.24","읽으면 읽을수록 작가의 따뜻함과 세심함에 웃음과 눈물이 나오는 멋진 소설이었다. 유난히 꿈이 많은 나에게 좀 더 특별했던 책."
"5","2020.08.24","동화같은 꿈이야기였어요!!"
"5","2020.08.23","행복한기분이드는 책이네요"
"5","2020.08.23","문체와 전체적인 분위기가 너무 따뜻한 책입니다 내용도 너무 귀엽고 몽글몽글한 느낌이라 힐링하면서 읽었어요ㅠㅠ 종이책으로도 사서 소장할 예정이에요!!"
"5","2020.08.22","어른들의 동화..흠뻑빠져서 읽었다. 한동안 생각많이날듯ㅎ"
"4","2020.08.22","나만 재미없나..."
"5","2020.08.21","Heartwarming story it was."
"5","2020.08.20","간만에 재밌게 술술 읽은 책!"
"5","2020.08.19","따뜻하고 귀여운 책이었어요. 좋은 사람들에게 선물하고픈 꿈같은 책! 저도 좋은 꾸 사고 싶어요. 값은 두둑히 쳐드릴게요!"
"3","2020.08.19","소소한 감동을 주는 소설이었어요."
"5","2020.08.19","재밌게 읽었어요. 오랜만에 읽는 소설이네요. 꿈에 대해 다시 생각하게 해주는 것 같아요"
"5","2020.08.19","올해 꼭 읽어야 하는 책. 특히 직장인들에게 추천하고 싶다. 내가 꾼 모든 꿈들이, 잠 든 사이 내가 고른 구매의 결과라는 상상력이 몹시 놀랍다. 동시에 덜렁하지만 진솔한 신입 사원 페니가 동분서주하는 모습은 나의 회사 생활과 별반 다르지 않아 더욱 흥미롭다. 특히 깐깐한 매니저 웨더와 가족 비즈니스로 대를 이어 가업을 이어 온 오너 달러구트가 갓 입사한 주인공의 중대한 실수를 너그럽게 받아들이는 장면에서 위안을 받았다. 사실 내가 저지른 실수들도, 이렇게 지나갈 수 있는 게 아니였을까...나쁜 기억을 놓아주었다. 시작부터 외국 서적을 번역한 듯해 꿈손님들의 일상을 다루는 장면에서 조금 어색함을 느꼈지만, 우리나라 작가로서 무엇을 보여줘야하는 지 각오가 단단했구나 , 하는 믿음이 갔다. 서사를 이끌기 위한 중요 소재를 모두 우리나라의 주요 이슈인 급증하는 반려동물 가구, 절정을 맞은 취업난과 직장인의 번아웃 등에서 끌어와 따듯한 시선으로 잘 풀었다는 점에서 특히 그렇다. 원래는 시나리오로 시작한 게 아니었을까 싶을 정도로, 머릿속에 장면이 훤히 그려진다. 다 읽었지만 마지막 장을 덮기 힘들었다. 잠든 아이의 얼굴을 어루만지며, 그 순간을 기억하고 싶은 마음으로 인물 하나하나를 되새겼다. 이 책을 쓴 작가가 너무 고맙다"
"5","2020.08.18","꿈이라는 소재를 따뜻한 이야기로 풀어가주셔서 너무 재밌게 읽었습니다"
"5","2020.08.18","하루만에 다 읽을 정도로 빠져들고 재미있게 봤어요. 꿈, 과거, 현재, 미래에 대해 생각해보는 시간이기도 했고 꿈백화점이 실제로 있다면 나는 어떤 꿈을 사려고 할까 하는 생각도 하게 됐어요. 몇년 뒤 한번 더 보고 싶은 책이네요 :)"
"4","2020.08.17","마음 편하게 읽을 수 있는 꿈에 대한 소설. 고차원적이진 않지만 흥미로운 이야기였습니다. 청소년 문학으로 적합한 것 같아요. 시간의 소중함과 잠의 필요성, 꿈의 다양함을 배우기 적합하네요."
"5","2020.08.17","꿈이라는 걸 이렇게 이쁘게 표현할 수 있다니 대단한 작가분이신거 같아요! 재미있게 읽고 가요"
"5","2020.08.16","저도 꿈을 사러가고싶네요.."
"5","2020.08.16","제목이며 표지며 내용까지 외국소설같네요. 스스럼없는 직장분위기가 너무 신기했습니다. 달러구트와 페니는 대표와 말단 직원이지만 친구같아요^^ 꿈꾸는 직장분위기입니다. 재밌게 잘 봤습니다."
"2","2020.08.16","청소년이 좋아하는 책인가봐요. 도무지 진도가 안나가고 눈에 안 들어오네요."
"5","2020.08.15","진짜 재밌게 읽었습니다 역시 꿈에서도 사춘기들은 왕성하네요ㅋㅋㅋㅋ 오랜만에 진짜 기분좋은 책이었습니다!!"
"5","2020.08.15","정말 재미있게 잘 읽었어요."
"5","2020.08.15","너무 재밌게 읽었어요. 소설을 읽은 건 오랜만이었는데 이야기 속에 푹빠져 계속 보았어요. 재미도 감동도 눈물도 났던 좋은작품이네요!"
"5","2020.08.14","한번 펼쳐서 읽기시작하면서 어라?왜이렇게 쭉쭉읽어지나?이런생각하면서 진짜 웃으면서 읽었어요~ 물론 뭉클거리는 감동도 조금있구요~ 재미있게 읽었습니다~^^"
"5","2020.08.14","오늘도 꿈백화점 좀있다 들를게요. 좀 있다 만나요 페니양."
"5","2020.08.14","너무 재밌게 읽었어요 정말로..."
"5","2020.08.14","큰 불만없이 재미있게 잘 읽었습니다."
"5","2020.08.13","우리나라 소설인데도 외국 느낌 나는 소설!ㅎㅎ 환타지인데 꿈에 대해서 한번도 생각해 보지 않은 소재였습니다. 자가가 묘사한거 상상하면서 읽는게 재미 있었습니다. 눈물나는 부분도 있었고 ㅠㅠ 시간 가는줄 모르고 읽었어요!"
"5","2020.08.13","나미야 잡화점의 기적같은 느낌의 책. 술술 잘 읽히고 굉장히 재미있었음."
"5","2020.08.13","외국소설인줄 알았는데 국내 작가님이라 놀랐어요 ! 해리포터 처음 봤을때처럼 머리 속에 상상으로 내용이 그려지는 느낌이었어요 ~~ 2편 3편 계속 연재해주세요 !"
"5","2020.08.12","뭔가 우리나라 소설이 아닌 외국 소설같은 독특한 소재와 세계관이 아주 훌륭한 소설입니다! 근래에 읽은 소설 중 최고입니다"
"5","2020.08.12","꿈을 소재로 이런 이야기를 풀어낼 수 있는 작가가 궁금해지기까지 합니다. 잠자기 전에 며칠동안 읽었지만 꾸고 싶은 꿈은 못 꾸었습니다. 신선한 소설입니다."
"5","2020.08.11","오랜만에 즐겁게 읽은 소설이에요. 분량이 줄어드는게 아쉬울 정도였네요"
"5","2020.08.11","청소년을 위한 책이라 조금 시시할까 걱정했지만..어른이 읽어도 공감할만하고 생각할 거리를 주는 책이에요~ 초등학생인 아들이 조금 더 크면 읽어보라고 사줘야겠어요~ 다음 이야기가 또 있을것만 같아요....이대로 책장을 덮기가 너무 아쉽네요~!!"
"5","2020.08.11","마치 어른을 위한 베드타임 스토리같아요. 자기전에 가볍게 읽기도 좋고, 이 책을 읽고 자면 왠지 멋진 꿈을 꿀 것만 같은 기분이 듭니다."
"5","2020.08.10","책을 다 읽었다는 게 아쉽다고 느껴질만큼 재미있었어요.첫 에피소드부터 마지막까지 작가님의 꿈에 대한 상상력에 감탄했고 시리즈물로 계속 보고싶다는 생각이 절로 들 정도로 매력적이에요. 다른 꿈제작자들이나 페니랑 막심의 관계라던가 꿈 백화점 직원들의 이야기라던가 보고싶은 이야기는 너무 많은데 마지막 페이지여서 너무 서운한거에요ㅜㅠ"
"5","2020.08.09","어른을 위한 동화처럼 따듯하고 착한 책. 달러구트를 포함하여 페니를 대하는 어른들이 너무 이상적인 어른이라서 놀랐어요. 첫 심부름을 나간 아이가 실수를 했다면 연습과 마음의 준비를 할 수 있도록 도와주지 않은 어른들이 나쁜 게 당연하죠. 또 그런 일이 생기지 않도록, 안 그래도 속상한 아이가 주눅들지 않도록 마음을 써주는 다정한 사람들이 있는 가게에서 산 꿈이 어떻게 안 좋을 수가 있겠어요. 저도 꼭 한번 가보고 싶고, 이미 몇 번이나 방문했을 거라고 믿고 있어요. 마지막 에피소드에선 정말 펑펑 울었네요. 동물들에게도 꿈을 파니까 먼저 떠나간 아이들이 맡겨놓은 꿈이 곧 도착할 거라고 믿습니다. 오랜만에 좋은 이야기를 읽었어요. 감사합니다."
"5","2020.08.09","문득 내가 꾸었던 꿈들을 구입하러 가는 그런 모습이 상상됐어요 아름다운 판타지 같으면서도 현실적이라 재밌었고 인생의 방향까지 고민해 볼 수 있는 유익한 시간이였습니다"
"5","2020.08.08","내용이 넘나 귀엽고 술술 읽혔음. 청소년 소설로 분류 되어있던것 같은데 어른동화같고 잘 읽었습니다."
"5","2020.08.07","굉장히 재미있었습니다. 생각 할 거리도 많고, 마지막의 스피도가 참.. 그런데요.. 페니와 막심의 이야기도 풀어주셨으면 더 좋았을 것 같습니다.(로맨스를 좋아해요.)"
"5","2020.08.06","아껴서 읽고싶은,오랜만에 종이책으로 소장하고 싶은 예쁜 책"
"5","2020.08.06","쉽게 잘 읽히고 흡입력 좋습니당 잠이나 꿈은 당연하게 여기며 살았는데 기발한? 내용들로 전개되니까 재밌었어요 ㅎㅎ 드라마로 나오면 진짜 좋을것같아요ㅎㅎ"
"4","2020.08.05","따뜻한 책이에요 단편 드라마로 만들면 재미있을거같아요"
"5","2020.08.05","뻔한 교훈을 따뜻하게 말하는 법"
"5","2020.08.04","시간가는줄 모르고 재밌게 읽었습니다.  어른을 위한 동화같은책"
"3","2020.08.04","따듯하고 기분 좋은 예쁜 동화"
"5","2020.08.03","귀여운 아이디어로 조용히 시간 보내기 좋아요"
"5","2020.08.03","어른을 위한 동화같은 이야기.  읽는 내내 마음이 따뜻하고, 내용도 재밌어요."
"5","2020.08.02","읽고나서 감정이 더 풍부해진거 같은 이야기에요! 마지막엔 질질 울면서 읽었습니다 ㅠㅠ"
"5","2020.08.02","재미있었어요 마지막 부분 볼때는 울면서 읽었네요ㅠㅠ"
"5","2020.08.02","작가님 진짜 꿈백화점에 다녀오신 거죠? 너무 생생하고 참신한 설정이라 진짜 꿈백화점이 있을거 같아요. 본편 마지막 에피소드는 처음부터 끝까지 펑펑 울면서 봤네요ㅠㅠ 잠이 들어야만 갈 수 있는 환상의 세계에 있는 꿈백화점. 이곳에 지구촌 세계 각지에서 잠든 사람들이 멋진 꿈을 꾸기 위해 찾아옵니다. 잠든 모습 그대로 찾아오기 때문에 대부분은 잠옷 차림이고 속옷만 입고 잠든 사람들을 위해 가운을 대여해주는 동물들이 마을을 돌아다녀요. 잠든 사람들은 꿈백화점에서 자기가 꾸고 싶은 멋진 꿈을 구입하고, 상점에서는 그 꿈을 꾸고 난 뒤에 느끼는 감정을 대가로 나눠받아갑니다. 이 꿈백화점에서 일어난 일도 일종의 꿈이기 때문에 사람들은 깨어난 뒤에는 기억을 못하는데, 이것까지 정말 있을법하지 않나요? 현실에서 망설이는 마음에 한걸음 뗄 수 있게 해주는 꿈, 동물들이 꾸는 꿈, 트라우마를 극복하게 하는 꿈, 이야기들을 읽다보면 더이상 잠드는 게 무섭고 막막한 일이 아니게 됩니다. 청소년뿐 아니라 어른들에게도 좋은 동화에요. 저도 꿈백화점에 들르고 있을까요? 그렇다고 하기엔 영 재밌는 꿈을 꾼 적이 없네요.. 제게도 좀 멋진 꿈을 팔아줬으면ㅠㅠ"
"5","2020.08.02","명작이네요 설정도 좋고. 내용이 건전하고 갈등구조가 적어서 청소년 문학스러운데 청소년들에게 어필할 소재인지는 모르겠네요 ㅎㅎ 아무튼 그건 그거대로 매력적입니다."
"5","2020.08.01","동화같은 책이예요! 문체가 깔끔해서 잘읽혀서 한번 읽으면 못 멈추고 계속 읽게 되더라구요 ㅎㅎ 추천합니다~!"
"3","2020.08.01","볼만했네요. 그녕저냥 읽을만함"
"5","2020.08.01","가슴이 따뜻해지는 책이예요. 꿈이라는 주제로 때로는 설레임으로 때로는 슬픔 또는 애뜻함 등을 느낄수 있는 이야기들을 들려줍니다. 작가님의 상상력에 진심 엄지 척!!!"
"5","2020.08.01","재밌게 잘 읽혀서 좋았어요."
"2","2020.08.01","달콤함을 제대로 살리지 못한 진부함.."
"1","2020.08.01","??????????읽기 싫음 무슨말인지????‍♂️"
"5","2020.08.01","인생책 만났어요 너무 재밌습니다!!"
"5","2020.07.30","따뜻한 이야기네요 잘읽었습니다"
"1","2020.07.30","이해가 안됨 읽을수가 없음"
"5","2020.07.29","너무 따뜻하다 행복한 책"
"5","2020.07.29","몇번을 읽은 올해 저에게 가장 기억남는 책입니다"
"5","2020.07.28","술술. 재밌었어요!"
"5","2020.07.27","생각없이 보기 좋아요. 마음이 따뜻해지고 훈훈해지네요. 저도 달러구트같은 사람이되고싶어요"
"5","2020.07.27","창의적인 설정과 에피소드마다 주려는 교훈들은 생각보다 알차서 읽을수록 빠져들었어요 종이책으로 사서 소장하고 싶네요."
"2","2020.07.25","설정도 얄팍하고 문장들도 납작한데... 이벤트 도서라 어차피 싸서 평점이 높은 건가? 대단한 무언가는 없고요, 취향만 맞는다면 가볍게 읽기는 좋을 듯 합니다. 한 번 읽기 시작하면 그래도 끝을 보기 위해 노력하는 편이라 다 읽기는 읽었어요. 저는 이 책에서 이런 허술함을 견디면서라도 책이 좋아지게 만드는 이유를 찾지 못했습니다. 딱히 참신하지도 않고, 설득력 있지도 않고, 배경 설정이 꼼꼼하지도 않고, 문장이 유려하지도 않고, 그렇다고 서술에 간결하고 정제된 아름다움이 있지도 않고, 대사는 작위적이고... 감동적이려고 노력하는 느낌 정도만 받았어요.   대상 독자도 애매해요. 성인이 보기엔 지나치게 엉성한데, 아동용 감성도 아니고 (지친 직장인 어쩌고 연애 저쩌고 하는 내용들이 대놓고 성인 독자를 타겟팅함), 청소년에게 더 어필할 만한 강점조차 없고. 표현이 간단하다고 보다 어린 연령대에 무조건 어필할 수 있는 게 아니잖아요? 그 간단한 문장에 의미를 담는 게 더 어려운 건데... 여러모로 부족한 점이 많은 문장들과 전개를 보자니 정체불명의 소설이라는 생각만 드네요."
"5","2020.07.22","너무 재밌어요! 중간에 도제님 관련 꿈이 나왔을때는 눈물을 참느라 힘들었어요ㅎㅎ 잔잔하면서 감동적이에요. 꿈이라는 소재로 이런 소설을 쓰시다니 창의력이 대단하신거같아요. 재밌어서 빨리 읽느라 흘겨 읽어서 다시 한번 자세히 읽으려고요! 읽으면서 캐릭터 이름들 해석하는 재미도 있어요ㅎㅎ"
"4","2020.07.22","처음엔 너무 창의적인 설정 때문에 조금 오글 거렸는데 꾹 참고 읽다보니 마지막쯤엔 뭉클하고 눈물도 찔끔 흘렸다. 작가님의 상상력이 놀라웠다. 한번 쯤 읽어봐도 좋은 소설인 것 같다."
"5","2020.07.22","좋아요 추천합니다!!"
"5","2020.07.22","동화같은 이야기들.. 어찌보면 살짝 유치할순 있지만 저에게는 힐링되는 소설이었어요~ 일이든 사람관계든 힘들때 위로 받을수 있는 책인것 같아요"
"5","2020.07.21","어른이 되어 포용할 수 있는 범위가 넓어진 어린왕자를 보는 것 같달까요 참 포근하며 따뜻하게 미소지으며 책을 읽었습니다. 감사히 잘 읽었습니다:)"
"4","2020.07.19","미소 띄우며 가볍게 볼 수 있는 소설. 단편 웹드라마로 만들기에도 좋을듯...  원지 애니 '인사이드 아웃'이 연상되는 사람은 나뿐일까?  혹은 영화 '심야식당'도 생각난다."
"4","2020.07.18","말이 안되는거 같다가두 어차피 소설속 배경이나 조건은 작가 세상이니..사랑,기쁨,슬픔 등등 여러감정을 느낄수 있어서 참 잘 보았네여 ^.^"
"5","2020.07.15","특별한 굴곡이나 드라마는 없었지만, 오히려 그래서 소소하게 스쳐지나가는 이야기들이 더 따뜻하고 아기자기하게 다가왔던것 같아요. 힘든 일이 없진 않지만 다른 각도에서 보면 또 조금 다를 수 있다고 위로해주는 이야기라 요즘에 계획이 다 불가항력으로 틀어지는 바람에 무기력해졌던 저에게 좋은 선물이 되었습니다."
"4","2020.07.14","무난하게 따뜻한 소설"
"5","2020.07.13","재밌게 잘 읽었습니다. 일단 청소년문학으로 분류되어있다는 점을 까먹고 접근하시는 분들이 주로 별점 깎고 주시는 듯해서 속상하네요. 하지만 취업준비생이나 미래에 대한 불확실성때문에 고민이 많으신 분들이 읽으면 자신에게 힘이 되는 글귀를 하나쯤은 얻어나갈 수 있는 책인 것 같아요!"
"4","2020.07.10","매우 가볍게 읽을수 있는 책이여서 틈틈히 시간 날때 읽었어요. 하지만 책에서 클라이맥스가 뚜렷히 없고 주인공들의 일상만 대해 다루어서 살짝 지루한감이 있어요. 그래도 짧아서 재미있게 읽었습니다!!"
"4","2020.07.10","가볍고 편하게 보기 좋은 글입니다"
"4","2020.07.09","약간 디테일한 부분이 조금 약하고 스토리가 탄탄하짐 않지만 상상력도 자극되고 너무 재미있었어요!!!!!!"
"5","2020.07.05","흐믓흐믓하게 읽다가 눈물이 터져버렸어요ㅠ"
"4","2020.07.02","세계관을 만들때의 상상력이 재밌긴한데, 풀어내는 이야기는 약간 자기전 부모님이 아이에게 읽어줄법한 아동용이야기랄까요. 무난하게 읽을만합니다~"
"1","2020.07.01","흐음....청소년이 보기 적당한 정도네여"
"5","2020.06.30","재미있게 잘봤어요ㅎㅎ"
"4","2020.06.27","이벤트때문에 구매하게 된 책인데 기대 안하고 보다가 웃다가 울다가 했어요. 현실에 치여 힘들때 상상력이 풍부한 소설을 만나니 더 긍정적인 에너지를 끌어받은 기분이었습니다. 이야기가 조금 더 길었으면 하는 아쉬움이 남을정도로 순식간에 읽었습니다."
"5","2020.06.27","신선한 상상력안에 감동이 한가득"
"5","2020.06.25","작가의 기막힌 독창성과 풍부한 상상력에도 불구하고, 가슴에 와 닿는 건 뭐니뭐니해도 “스토리”인데, 달러구트의 꿈 백화점은 그 모든걸 갖추고 있어서 기뻤고, 독서 내내 즐거웠다. 마지막 장은 눈물을 흘리게 만들 정도로, 한 번쯤은 꿈에서 생활하는 나 자신을 볼 때 독자들은 공감할 것이다."
"5","2020.06.18","완벽한하루  꿈같은 평밤한하루"
"5","2020.06.17","친구의추천으로 읽게 되었는데 술술 읽혀서 금방 읽어버렸어요  너무 재미있게 잘 읽었습니다 ????????"
"5","2020.06.17","재밌게 읽었어요~~^^"
"5","2020.06.17","너무 재밌어요 어떻게 이런 생각을 했을까 우아 감탄하며 읽었어요"
"5","2020.06.17","맘이 따뜻해져요 지치고 힘들때 읽음 좋은 어른동화"
"5","2020.06.16","'따듯한 책' 어떻게 살아야 할지, 어떤 마음 가짐으로 살아야할지에 대해서 다시 고민하는 기회를 만들어준 책"
"4","2020.06.16","막심이랑 페니얘기 왜 더 안해주셨어요 ㅠㅠ 엉엉"
"4","2020.06.15","가볍게 읽을 수 있어 좋았어요"
"5","2020.06.15","호기심 반, 킬링 타임용 반으로 대여해서 읽었습니다. 유치할 것 같았지만 의외로 현실적인 얘기들을 잔잔하게 쓰셨더라구요. 재미와 감동을 동시에 느꼈습니다. 꿈을 통해, 그리고 이 책을 통해 모든 스트레스가 해소 되시길 바랍니다."
"3","2020.06.14","참신하긴한데 무슨 말을 하고 싶은지 모르겠네요"
"5","2020.06.12","너무 좋아요 감사합니다"
"5","2020.06.12","저도 꿈을 많이 꾸는 편이라 공감하며 작가의 상상력에 놀라면서 순식간에 읽었네요. 따뜻한 이야기에요 추천!"
"5","2020.06.12","소장하고싶은 따뜻한책. 읽으며 마음이 편해지는걸 느꼈어요.!"
"4","2020.06.11","참신한 아이디어를 삶 속에 자연스럽게 스며들게 한 소설이다. 톡톡 튀는 기발함이 읽는 내내 즐거움을 주었다. 소설이 너무 짧아서 더 읽고 싶은 아쉬움에 별 하나를 뺐음!"
"5","2020.06.10","착하고 따뜻한 책이네요. 시리즈로 나와도 좋을 것 같아요."
"4","2020.06.09","성인이 보기에는 조금 유치하게다가올수 있다고 생각합니다. 하지만, 한번쯤은 동심이나 상상력이 필요한 사람에게는 유익한 책이라고 생각됩니다."
"5","2020.06.09","동화같은 이야기여서 보는 내내 꿈꾸는 것같았어용"
"5","2020.06.09","어린이 권장도서 같은 느낌이라 어른들이 읽을 땐 잔잔하니 치유만 되는 책일 거 같아요. 딱 아이들에게 교육하기 좋은 메시지만 들어있어서 성인이 볼 경우에는 그에 별다른 감흥은 없지 않을까 싶어요. 하지만 이야기 자체가 포근하고 희망적이라 지칠 때 가볍게 읽으면 좋아요."
"5","2020.06.09","해외살아서 리디북스를 알게되고 처음 읽게된 책입니다. 너무 감명깊게 읽어서 한국가면 서점에들러 책을 꼭 사서 소장해야겠습니다!! 다 읽었지만 꼭 소장까지 하고 싶은 책입니다!"
"5","2020.06.08","참 흐뭇한 꿈 이야기. 삭막한 세상에 흐르는 따뜻함이 느껴진다. 양도 많지 않으니 꼭 일독하시기 바란다."
"5","2020.06.07","앉은 자리에서 한번에 다 읽었네요~ 종이책으로 소장해서 가끔씩 꺼내 다시 읽어보고 싶은 책이예요"
"5","2020.06.07","평소 꿈을 많이 꿔서, 재미있게 읽었습니다. 잘 읽히는 책이예요"
"5","2020.06.07","어른들이 읽는 동화 같아요¸ 오랜만에 마음이 순수해진 느낌입니다¸ 내용도 흥미진진하구요^^ 이런 책 또 만나고 싶네요."
"5","2020.06.06","대단히 흥미롭고 재밌었어요. 미하엘 엔데 책 보는 느낌? 읽는 내내 즐거웠습니다"
"5","2020.06.06","힘든 시기에 큰 위로가 되어준 인생책"
"5","2020.06.06","두번 읽고 싶은 책 !!"
"5","2020.06.05","동화 같고 포근하고 즐겁고 감동적이에요"
"5","2020.06.05","판타지 장르를 좋아해서 이 책의 장르부터 내용까지 다 마음에 들었지만 대사 하나 하나가 예쁜 말들이라서 더 행복하게 읽을 수 있었습니다"
"4","2020.06.05","읽으면 행복해지는 동화 같은 소설"
"5","2020.06.05","예전에 미국에서 이상한 나라의 앨리스를 각색해서 영화? Tv프로그램?을 만든게 있는데 책을 읽는 내내 그 영화가 생각났어요. 사람들의 감정을 어떠한 방법을 통해 추출하고 그것을 다른 ""인간""이 마시거나 복용함으로써 그 감정을 느껴 볼 수 있는.. 물론 책은 훨씬 온화한 방법으로 모아진 ""감정""을 쓰지만요. 즐거웠어요! 캐릭터들이 전부 따뜻하고 정이 가고.. 오랜만에 눈물도 흘리면서 열심히 읽었네요 ㅠ"
"3","2020.06.04","꿈을 소재로 하여 꾸며 나가는 이야기가 무척 기발해요 아이디어가 좋아요 다만 소설 내용들이 잔잔한 에피소드로 이어진 느낌이라 저에겐 확 끌여들이는 재미는 느끼지 못했어요 큰 사건이라던가.. 그런것들이 있었으면 더 재밌었을텐데, 역시 추리소설 매니아라서 어쩔 수 없이 추리소설로 돌아가야하는 건가보네요 잘읽었어요"
"5","2020.06.01","마음 따뜻해지는 꿈 맛집. 강추합니다."
"5","2020.06.01","읽으면 포근해지고 기분좋아지는 책. 작가의 상상력에 박수를 보냅니다."
"5","2020.05.31","잠자기 전에 보면 기분이 몽글몽글해지는 책"
"5","2020.05.31","감동적인 동화같은 이야기"
"3","2020.05.31","창의력은 인정 보고나면 기분좋아짐"
"5","2020.05.31","너무 재미있게 읽었습니다. 작가님의 창작력을 극찬합니다~~"
"5","2020.05.30","동화같은 이야기에 적당한 감동! 강약 조절이 좋았어요!"
"5","2020.05.30","오랜만에 재미있는 책을 읽었습니다 ;)"
"5","2020.05.29","너무 재밋엇어요 전체적으로 신기한소재로,어렵지 않은 내용으로  가볍게, 기분좋게 읽엇습니다!"
"2","2020.05.29","참신하고 독창적인 소재를 충분히 살려내지 못한 아쉬움"
"5","2020.05.28","오랜만에 재밌게 읽은 소설인것 같아요ㅎㅎ"
"4","2020.05.28","동화같은 책이네요 기분이 너무 좋아지는 책입니다"
"5","2020.05.27","요즘 별점을 못믿겠어서 고민하다가 그냥 구매했는데 최근 리디에서 구매한것들중에서 제일 재밌어요"
"5","2020.05.27","에필로그까지 좋네요 세계관이 귀여워서 마음이 따뜻해져요"
"5","2020.05.27","재밌습니다! 동화를 읽은 기분이고 마음이 따뜻해지는 이야기예요"
"5","2020.05.27","아~ 재미있어요!! 그 와중에 감동도 있고 조카에게 추천하고싶은 책이네요~"
"5","2020.05.26","이런거 찾아서 읽어야 겠어요~ 우울함이 달아나네요"
"5","2020.05.26","충분히 공감할 수 있는 내용을 멋진 상상과 막힘없는 필력으로 표현해냈다는게 대단하다고 생각했습니다. 읽으면서 머리속으로 상상이 되니 재밌고, 400여페이지의 책을 이틀만에 읽을 수 있었네요. 흥미와 감동이 있는 오랜만에 재밌게 읽은 소설이었습니다."
"5","2020.05.26","책이 동화같고 사랑스러워요. 이런 책을 써주셔서 감사해요."
"5","2020.05.25","읽는 내내 행복했어요"
"4","2020.05.25","행복하고 잔잔한 이야기라 간만에 흐믓한 마음으로 쭉 읽었어요"
"5","2020.05.23","코코아 한 잔을 마신 것 같은 따뜻하고 부드럽고 달콤한 이야기. 오디오북으로 만들어져서 잠들 때 들으면 너무 좋을 것 같아요."
"5","2020.05.23","읽으면서 내내 행복했어요. 좋은 소설 써주셔서 감사합니다."
"5","2020.05.22","펀딩 놓쳐서 아쉬웠는데 이북이라니ㅎㅎ 감사합니다"
"5","2020.05.22","잠들기 전에 보면 좋다."
"5","2020.05.21","영화로 만들어도 될 것 같아요 너무 신비롭고 재밌어요"
"4","2020.05.21","한권으로 끝내기 아쉬운 독창적이고 매력적인 세계관. 다만 이야기가 너무 평온하고 어린이 동화 정도의 시련도 없이 착하기만해서 심심함."
"5","2020.05.20","달달한 꿈 같은 책입니다, 이렇게 책으로 힐링 받은건 오랜만이라 너무 좋아요"
"5","2020.05.20","너무 재미있어요 외전도 나오면 좋을꺼 같아요 !"
"5","2020.05.19","애니메이션으로 만들어지면 참 좋을 것 같다. 자기전에 한 챕터씩 읽고 자면 다음날도 기분이 좋다."
"5","2020.05.18","따뜻한 이야기로 가득해서 즐겁게 읽었습니다."
"5","2020.05.18","어른이 읽을 수 있는 동화를 어떻게 써야 하는지 아는 작가다. 강력 추천. 이 세계관의 다른 작품도 좋고, 다른 세계관도 좋다. 이런 상상력이 있는 작가라면 즐거이 기다리겠다."
"5","2020.05.18","마지막 에피소드에서 울음이 터졌습니다"
"5","2020.05.17","아기자기하고 귀여웠습니다 3시간정도면 다 읽으니까 한번 읽어보세요!"
"5","2020.05.16","아직 읽고있지만 너무 좋아뇨  연말에 읽었으면 더 좋았을 거 같아요"
"5","2020.05.16","너무 재밌었어요. 상상 맛집이네요."
"5","2020.05.16","저는 솔직히 책이랑 그렇게 친한사람은 아닌데..독서좀해보자싶어서 고르다가 끌려서 읽게되었어요. 정말오랜만에 집중해서 단숨에 읽어버렸네요. 이거 왜 종이책없는지 아시는분?ㅜㅜㅜ소장해놓고 집에서 뒹굴뒹굴하면서 보고싶어요!"
"5","2020.05.15","텀블벅에서 안타깝게 놓친 작품이었는데, 이렇게 만나네요!! 작가님 너무 사랑스럽고 따스한 책이었습니다. 잠들면 달러구트와 페니가 제 눈앞에 나타날 것만 같았어요. 종이책으로도 꼭 소장하고 싶습니다. 출판계획 없으실런지.. ㅠㅠㅠ"
"5","2020.05.15","잠들고 싶은 책이다. 좋은 꿈을 꿀 수 있을 것 같다."
"5","2020.05.12","따뜻하고 사랑스러운 책"
"5","2020.05.11","환상적인 세상에서 펼쳐지는 현실과의 인 세상에서 펼쳐지는 현실과의 달콤한 접촉! 작가님 시리즈로 꼭 내주세요! 조금 일하고 잠 많이 주무시고 돈 많이 버시길!"
"5","2020.05.09","정말 아깝지 않은 별 5개입니다! 정말 새롭고 재밌고 따뜻한 소설인거같아요! 별 10개는 없나요? 정말 한번쯤 이런 세계가 있었다면,하는 겨울이 시작하는 이 나라에서 따듯함을 얻었어요! 원가로 사도 돈 아깝지 않아요!!!!!!! :)"
"5","2020.05.08","약간은 허술한 설정부분들이 개의치않게느껴질만큼 따듯한꿈을꾼 느낌이드는 책"
"5","2020.05.08","재밌어요 보면서 몇번 눈물 주르륵 했습니다ㅎㅎ..... 대여를 했지만 평생 소장하고 싶은 책이네요!"
"5","2020.05.07","볼수록 기분이 좋아지는 소설이네요 잘읽었습니다~"
"5","2020.05.07","오랜만에 제대로 된 소설 읽은 것 같아서 기분이 좋네요^^"
"5","2020.05.07","상상만으로도 즐겁고 멋진 소설을 만났다. 책을 읽다 보면 얼른 잠들고 싶다는 생각이 절로든다. 잠이 잘 오지 않는 분들이 있다면 꼭 읽어보세요! 아직 다 읽지 못했지만 다른 분들 꼭 보시라고 중간 평점 먼저 남깁니다!"
"5","2020.05.06","순식간에 다 읽으려다가 너무 재밌어서 조금씩 아껴서 읽고있어요!! 굉장히 따뜻하고 솜사탕같은 그런 동화에요! 완전 추천합니다!!!!"
"5","2020.05.03","아직 반 정도 더 남아있지만 리뷰 쓰는걸 참을 수가 없어서 왔어요! 출간한지 얼마 안된 책이라 리뷰도 없고 망설였지만 책 표지에서 알 수 없는 끌림을 받아서 결제 후 읽기 시작했는데 이렇게 몽글몽글 동화 같은 스토리는 처음이네요!! 읽고 있는 내내 내가 그 속에 들어 가 있는거 같고 마음 속에서 따뜻함이 퍼지는 기분이에요. 읽는 내내 힐링이 되고 하드커피를 사서 꼭 두고두고 읽고 싶어요. 책의 전반적인 느낌은 다음에 양말 도깨비라는 웹툰과 비슷했어요. 두 작품 모두 신비로운 동화 속 나라로 들어간 느낌을 주는과 동시에 현대인들이 살면서 지칠때 쉬어가도 된다고 토닥여주는 그런 따뜻한 힐링을 시켜주는 작품이예요. 읽는데 그렇게 부담스럽지 않으니깐 꼭 읽어보셨으면 좋겠어요!!"
"5","2020.04.27","텀블벅에서 후원했던 글 작품 중에 제일 좋았던 작품입니다. 따뜻한 상상력과 위로가 공존하는 느낌이에요. 꼭 후속작 나오고, 텀블벅 후원판 외에 정식 출판작으로도 나와 많은 사람들이 볼 수 있으면 좋겠어요. 작가님 응원하는 마음으로 구매하고 별점 남깁니다. 오랜만에 소설도 재탕해야겠어요~ (그런데 제목은 원래 버전-주문하신 꿈은 매진입니다-이 훨씬 흥미롭고 좋았던 것 같아요.)"
